timestep,state,rainfall,temperature,soil_moisture,irrigation,crop_biomass,pest_population,run_id
0,NORMAL,3.261528962255766,27.82169414917364,78.78780054306864,0.0,109.30141302623652,5.022736789241962,0
1,NORMAL,2.4371860568853445,24.051272222969253,77.3557523399665,0.0,119.44522088975786,5.094344074712391,0
2,NORMAL,3.950722793772753,27.333375806286845,76.9070162758466,0.0,130.49085240567476,5.2213949464438,0
3,NORMAL,17.93289437068564,22.422122611350286,91.2289639735778,0.0,142.4963457951752,5.412920075924142,0
4,NORMAL,3.5497318829985884,24.850222267041243,90.77433176692779,0.0,155.5157566105953,5.681217523779019,0
5,NORMAL,4.66543855015313,24.536411553793595,91.48341807961556,0.0,169.5953744915858,6.042990569847882,0
6,NORMAL,6.260721121974884,26.096332193092234,93.53331951284653,0.0,184.76823578391804,6.520954334289637,0
7,NORMAL,11.435085749814615,23.780754950846152,100.0,0.0,201.0461942009568,7.146112319831515,0
8,NORMAL,4.106860954388389,28.386916878162676,99.51929760105475,0.0,218.40849575847304,7.9609848840093385,0
9,NORMAL,4.001517518267903,26.951778363474105,99.16143860220373,0.0,236.78537840659186,9.024170578671127,0
10,NORMAL,12.354058692273632,25.69648396920016,100.0,0.0,256.03469003700434,10.416717993151199,0
11,NORMAL,9.826170230865308,25.670786646324046,100.0,0.0,275.9089883353425,12.25081389159494,0
12,NORMAL,8.777210173106734,26.893864677515623,100.0,0.0,296.01037913964683,14.681081126013094,0
13,NORMAL,6.435494754859539,23.083366455269974,100.0,0.0,315.7313116296841,17.917940724776113,0
14,NORMAL,22.18712857386505,27.904835063774442,100.0,0.0,334.1835325110418,22.24027976393621,0
15,NORMAL,6.353185791425245,26.758666994077835,100.0,0.0,350.12778596264786,27.999951530074412,0
16,NORMAL,14.574993624339347,23.6129446220063,100.0,0.0,361.9380077843553,35.60261869879334,0
17,NORMAL,7.15846051738162,21.600138357989557,100.0,0.0,367.6663663363932,45.44044173615974,0
18,NORMAL,11.97206690029165,27.071456062203303,100.0,0.0,365.3029741349026,57.75313137313098,0
19,NORMAL,9.399165632993938,24.071960380839286,100.0,0.0,353.2949630602716,72.42685034684582,0
20,NORMAL,4.749261405350184,23.85478631800501,100.0,0.0,331.23595835850773,88.81625383692045,0
21,NORMAL,11.888529315822227,25.037482356183062,100.0,0.0,300.3895187546184,105.74024934301084,0
22,NORMAL,11.560767861398322,24.70454354647173,100.0,0.0,263.6178325131303,121.74166231121423,0
23,NORMAL,7.829273479978189,20.658662582730738,100.0,0.0,224.6072621360769,135.5022800381126,0
24,NORMAL,3.411372489893334,22.283562833919817,99.80596203615606,0.0,186.80584863699062,146.1699696516166,0
25,NORMAL,19.847724744121663,27.21254670540126,100.0,0.0,152.65737501434623,153.44615945949909,0
26,NORMAL,7.07633686662448,23.98290077229831,100.0,0.0,123.39458133539634,157.4734810252944,0
27,NORMAL,1.4169885971510379,25.713206806996833,97.27749254492161,0.0,99.25754199336528,158.6525955399545,0
28,NORMAL,2.050459499754756,23.411521872808592,95.56351838410365,0.0,79.8652321251397,157.48423889519532,0
29,NORMAL,8.475185683393136,24.281933117580927,100.0,0.0,64.54743995343895,154.46839311196382,0
30,NORMAL,9.544945341784146,29.077562725721307,100.0,0.0,52.567384391132386,150.0538017924987,0
31,NORMAL,10.855707226307988,21.433710837031448,100.0,0.0,43.2415929286673,144.62017906612925,0
32,NORMAL,3.6691059883670656,20.869941557331074,100.0,0.0,35.98904011633089,138.4778917363165,0
33,NORMAL,6.979622716550253,21.953262756377377,100.0,0.0,30.340147365666073,131.87531692575584,0
34,NORMAL,14.998629451163044,33.74158739802199,100.0,0.0,24.464363194246136,124.93559040409757,0
35,PRE_DROUGHT,0.782027836143623,29.070845849375342,96.12500290239379,0.0,21.204492418290698,117.83826552878364,0
36,PRE_DROUGHT,1.5461592741687784,27.436836454334458,93.27661407034442,0.0,18.64195793007276,110.7748182885444,0
37,DROUGHT_EXTREME,1.6534928759979166,26.821731235870942,90.6346298719205,0.0,16.620857928487798,103.83177553681294,0
38,PRE_DROUGHT,1.432564496548468,29.122747067805705,87.40368247728804,0.0,15.023713320884838,97.07427317338578,0
39,PRE_DROUGHT,2.626224390223449,26.00281760584339,85.8663307795586,0.0,13.761897247987012,90.55034796602371,0
40,PRE_DROUGHT,0.8077598448317165,36.513878929740656,80.82784999363216,0.0,11.826475224384065,84.26008816509167,0
41,DROUGHT_EXTREME,0.9588554899658893,36.65786506437122,75.91797880663495,0.0,10.27970080185084,78.20883851516187,0
42,PRE_DROUGHT,2.0110501922152646,25.38084921828244,73.86600586363653,0.0,9.771434770514324,72.45376248260762,0
43,NORMAL,5.727933791799259,21.166187277041143,76.20569509896266,0.0,9.392765602220619,67.02921715817006,0
44,PRE_DROUGHT,7.6769446799444045,27.52544669556047,79.47649998706612,0.0,9.12427335803619,61.93446910998561,0
45,PRE_DROUGHT,6.444478330770901,26.35629107666505,81.70204788953473,0.0,8.95133221555911,57.1647025567325,0
46,PRE_DROUGHT,3.3875131847031157,28.732937748887625,80.49023344984526,0.0,8.863030560866283,52.71194140750273,0
47,DROUGHT_EXTREME,0.05806681801857034,40.61832860391648,74.04648767933521,0.0,8.090287433283079,48.54888433657678,0
48,PRE_DROUGHT,1.5995838910250944,23.57181727182605,71.8730551846517,0.0,8.145092249712393,44.6674301424713,0
49,PRE_DROUGHT,4.017250409504398,27.979512533119713,71.41176042317147,0.0,8.26178936585041,41.07130744624052,0
50,NORMAL,10.707813420279154,25.271754720705236,78.07442276882253,0.0,8.43833037516416,37.745827472051865,0
51,NORMAL,0.8687742952353639,22.470309189121387,75.34643069865791,0.0,8.673900207178177,34.67591529861076,0
52,NORMAL,3.85299828901696,27.74770762706804,74.75787032056851,0.0,8.968755030013286,31.846390911242263,0
53,NORMAL,8.532626704454126,26.465542562347792,79.05411131130317,0.0,9.324106924557832,29.242193792030235,0
54,NORMAL,6.392115370247503,26.61434631101178,81.18594603170295,0.0,9.742044882653362,26.84855945898995,0
55,DROUGHT_EXTREME,0.08205144089496573,30.880705915597503,76.32467779631803,0.0,9.83278060080755,24.646599541070113,0
56,DROUGHT_EXTREME,0.4302748409718197,32.452448908139374,71.56000802950696,0.0,9.862625790459578,22.61790799769271,0
57,DROUGHT_EXTREME,2.2654195230624032,24.682789990814985,69.87423365706982,0.0,10.436462573461498,20.754865581307023,0
58,DROUGHT_EXTREME,0.0003181508626417264,28.354580811281956,65.33545150595596,0.0,11.083065902627578,19.05033286872004,0
59,DROUGHT_EXTREME,0.05412171482269278,26.687927940702185,61.11713847775294,0.0,11.808089200223941,17.492246553313105,0
60,DROUGHT_EXTREME,0.37880441145154586,27.61569610916206,57.07482280291469,0.0,12.617981085649031,16.069261216224607,0
61,DROUGHT_EXTREME,1.3548433315363606,42.64623556014149,51.60196356967903,0.0,12.35790408357347,14.762492308014506,0
62,PRE_DROUGHT,0.6754836250662684,39.62026867696163,45.93428721859084,0.0,12.123786407753691,13.55575900523799,0
63,NORMAL,6.175145505953016,30.186092933216777,47.27673009728352,0.0,12.565685606923031,12.446389574597822,0
64,NORMAL,6.848223660695206,26.304298223399854,49.91362178990206,0.0,13.555638273720055,11.43361728268693,0
65,NORMAL,7.499013680253465,24.285478768076004,53.524325225939485,0.0,14.654249442232333,10.512212938615026,0
66,NORMAL,9.923616767838134,26.414615567635416,59.21850681203236,0.0,15.869585665088167,9.674555413144477,0
67,NORMAL,9.377427740338227,25.1594660427336,64.56722582311998,0.0,17.21297025879473,8.913616869385352,0
68,PRE_DROUGHT,1.0959235538866612,27.61085360634604,61.241610681575715,0.0,18.696912432777594,8.222943199448242,0
69,PRE_DROUGHT,7.649564893274205,24.94777116122093,64.89580061871222,0.0,20.3352141271664,7.5966211746211085,0
70,PRE_DROUGHT,2.9441889059987427,32.76457181235546,62.59232783806537,0.0,21.02845654917804,7.025460571820993,0
71,NORMAL,11.832753117159898,27.78231544467454,69.97523673037203,0.0,22.922874991801578,6.504903962322413,0
72,PRE_DROUGHT,0.662666079455682,29.05486881742608,65.9837956300331,0.0,25.012221822400992,6.034301054380555,0
73,PRE_DROUGHT,1.7573703408858032,26.992090487172458,63.41703043573358,0.0,27.31583632387189,5.609518709941567,0
74,PRE_DROUGHT,7.174152647500343,27.052598941961264,66.25685553760145,0.0,29.854970828709597,5.226822493325078,0
75,PRE_DROUGHT,3.0329401758417176,20.97311287008567,65.92908844084607,0.0,32.652961521021,4.882853911082979,0
76,PRE_DROUGHT,8.407450372607256,31.455312054792753,69.29547201193324,0.0,34.235398659221296,4.571288777321516,0
77,PRE_DROUGHT,2.203348906505951,26.662175310576494,67.22557054713992,0.0,37.48894991794738,4.289625846804989,0
78,DROUGHT_EXTREME,1.9431565368111179,37.887059444888465,63.09543480417634,0.0,37.70378487301655,4.032204825959477,0
79,DROUGHT_EXTREME,1.203871779962133,36.1399408839853,58.506015142249524,0.0,38.381485987550136,3.7917894678332473,0
80,DROUGHT_EXTREME,0.4283845392540042,36.947919672974265,53.011387605338065,0.0,38.88026877799293,3.5676905612697554,0
81,PRE_DROUGHT,4.464290783638412,28.281590084919987,52.94182720879751,0.0,42.65532816618772,3.3637840309753058,0
82,PRE_DROUGHT,4.360297790894525,30.92309876455458,52.343876917957566,0.0,45.00878493575907,3.18118695391008,0
83,DROUGHT_EXTREME,0.018880939237273534,29.408600788168627,47.646792567982764,0.0,49.18098263741965,3.0181541213020244,0
84,DROUGHT_EXTREME,0.8399539262800915,26.931413167798006,44.16712428050792,0.0,53.38331230990588,2.8753805872171587,0
85,PRE_DROUGHT,0.5684629674928527,29.248037886204976,40.04341032908053,0.0,57.484655488211565,2.7506673899108947,0
86,PRE_DROUGHT,3.91094033696556,29.21746691612104,39.26611951130743,0.0,61.81781823895119,2.6423941484702866,0
87,PRE_DROUGHT,3.346504360541474,19.74704689278103,59.44333061415935,20.0,65.59957707018931,2.5486478744752072,0
88,DROUGHT_EXTREME,0.014336132215356208,39.379745240267546,53.136241150868756,0.0,65.92331512866572,2.4632828269427542,0
89,DROUGHT_EXTREME,0.17523290949060882,36.068818449831056,47.521440899706505,0.0,67.24818494976874,2.382712502535676,0
90,PRE_DROUGHT,2.8734282563364566,29.081372957126902,45.72620412652494,0.0,73.29607221993776,2.313143867665561,0
91,PRE_DROUGHT,2.02892456444219,29.53357545741398,43.01243905714378,0.0,79.46409697799065,2.259297624625106,0
92,DROUGHT_EXTREME,0.19175994579496708,39.407277738294866,36.873982854892894,0.0,79.69035277677422,2.213825251016479,0
93,DROUGHT_EXTREME,2.3377105858184017,36.2219259524266,53.39309298386382,20.0,81.34899806569396,2.1712946950534464,0
94,PRE_DROUGHT,6.5426046394307065,31.367280267560247,54.896519205910394,0.0,85.75664951296257,2.1359845289692445,0
95,NORMAL,34.1972096960193,18.98943312380046,86.04239184083484,0.0,90.61951854004725,2.1109614726718755,0
96,NORMAL,5.714290350251277,28.92865205458158,87.10712585818347,0.0,99.63471644892562,2.100595267131522,0
97,NORMAL,2.583747127201161,22.617591129923728,86.05403042636493,0.0,109.5365627568716,2.1100471176816256,0
98,NORMAL,12.195566722424475,20.7617023483229,94.90953144896001,0.0,120.40509338184438,2.1415583969007095,0
99,DROUGHT_EXTREME,1.4646711928142486,34.29692885858306,90.85365782502555,0.0,124.47277176773025,2.1899209683778658,0
100,PRE_DROUGHT,2.644890599528956,28.916845496460272,88.84305826584307,0.0,136.77525996130146,2.2575042621777874,0
101,NORMAL,4.562101084526954,25.59032828997087,89.28270583353984,0.0,150.24934371169488,2.357190412617783,0
102,NORMAL,6.041375673169872,24.202483624253862,91.4225928685832,0.0,164.98839443773585,2.496028574895046,0
103,NORMAL,14.916568942912875,21.110583015775717,100.0,0.0,181.0865761853797,2.683826784915406,0
104,NORMAL,0.523249200599089,27.248301699183223,96.1240465154372,0.0,198.63551959526703,2.934321780116884,0
105,PRE_DROUGHT,2.7872200034034718,33.31074452907077,93.52861381780826,0.0,206.22958997445275,3.2487282325251545,0
106,NORMAL,4.287942416415611,24.705746587389623,93.82287633233169,0.0,225.869135077911,3.6450994430785335,0
107,NORMAL,8.94226605170607,23.216798943403795,99.00850288672015,0.0,247.10158308366192,4.1731477086180195,0
108,NORMAL,3.814601516155923,27.410755058135805,98.38319766582727,0.0,269.9388747328817,4.882350040313956,0
109,DROUGHT_EXTREME,1.5156993338545968,36.64148495784242,93.95713171668258,0.0,272.96352804324187,5.785131040444963,0
110,NORMAL,5.34027412868026,23.037150169937334,95.56115540388129,0.0,297.02621409324735,6.943668149877323,0
111,NORMAL,7.170483210907642,26.08576556178653,98.49593087541076,0.0,322.2514198290533,8.534816131136415,0
112,PRE_DROUGHT,1.6684032627480665,32.26888966628793,94.91812222746262,0.0,332.31282311445267,10.66726178075767,0
113,PRE_DROUGHT,5.664299175017689,27.47544987918662,96.11330586728491,0.0,357.29994893869974,13.546204758336746,0
114,PRE_DROUGHT,9.594934752217087,28.277524540531115,100.0,0.0,381.44859469174105,17.58875997520865,0
115,PRE_DROUGHT,5.515964051109862,29.332281490473022,100.0,0.0,403.2261986778126,23.289189449171598,0
116,PRE_DROUGHT,3.0792661113450155,21.641730026764122,99.54677720681073,0.0,420.412864014709,31.292336088467195,0
117,PRE_DROUGHT,0.6561971991246499,26.827233653404953,95.82038890832003,0.0,430.0574102691793,42.3319115707582,0
118,PRE_DROUGHT,5.630812124838837,29.390833809803826,96.64754965659908,0.0,428.7619116495275,57.01904049072701,0
119,PRE_DROUGHT,1.7713688193504855,30.476684467901574,93.43811102913975,0.0,399.4841365025599,74.97743530118827,0
120,PRE_DROUGHT,5.468607954318336,28.025356249449075,94.33309650161432,0.0,371.1182191864542,95.11315402307015,0
121,PRE_DROUGHT,2.8491783672421667,28.36608071269283,92.55948459995048,0.0,330.8968781140687,116.03121026072515,0
122,DROUGHT_EXTREME,0.2536594822934872,28.102588016372902,88.24233753049195,0.0,283.369924663631,135.53557731242518,0
123,PRE_DROUGHT,0.9348679983684238,30.44994364220026,84.2361857602211,0.0,226.13929294254993,151.30982590816018,0
124,NORMAL,17.48527530196105,24.141253799332926,97.81518616576946,0.0,182.11055780680027,162.47102063549224,0
125,NORMAL,6.4954370587459405,19.50578174735463,100.0,0.0,139.02230732465537,169.09385587457098,0
126,NORMAL,0.956443546843547,29.091586689441726,96.26943464049046,0.0,109.07275622165196,171.73292352027542,0
127,NORMAL,4.498437153842263,16.10641348647505,98.17679146920219,0.0,80.56038762278675,171.06678943828047,0
128,DROUGHT_EXTREME,0.09669706065220278,24.195208235027785,94.38666180941772,0.0,63.37219417901958,167.88336046759352,0
129,PRE_DROUGHT,2.554893924246382,31.16322448676032,91.9396407604751,0.0,48.25557586670145,162.94957751013038,0
130,PRE_DROUGHT,4.095327542928969,31.59126163364219,90.96817080584142,0.0,37.05925469245493,156.68351272137772,0
131,DROUGHT_EXTREME,0.31288063524866067,38.67892168160117,85.08095667595528,0.0,27.5554541915741,149.4658364266369,0
132,PRE_DROUGHT,6.869470489240313,33.820182305082845,86.53174255250826,0.0,21.458235286520413,141.66104528829212,0
133,PRE_DROUGHT,2.936806981712246,26.552918090223315,85.21552440967339,0.0,18.00400155908804,133.64773656806366,0
134,NORMAL,5.760266969263475,20.302722783458456,87.72443149156233,0.0,15.3505070307684,125.64274573448844,0
135,NORMAL,5.316936911602137,17.817219085298586,90.18842532274199,0.0,12.677674555395999,117.72264887141601,0
136,NORMAL,1.4994754672277868,25.74299770332683,87.56641026666178,0.0,11.156957274772976,109.97745044224317,0
137,NORMAL,6.802455094569221,25.61016472185983,90.26895315362462,0.0,9.969523537895203,102.495263722489,0
138,NORMAL,13.779415247814201,26.155113812968303,99.86146415918154,0.0,9.040183835964683,95.31634586600849,0
139,NORMAL,10.396878589379101,24.73871748684247,100.0,0.0,8.313370852051653,88.46824300814603,0
140,PRE_DROUGHT,1.054721551089517,23.0221128495957,97.36965236425887,0.0,7.747788252532817,81.96834833276453,0
141,PRE_DROUGHT,1.3901344236676205,27.717278473391715,94.32330425134742,0.0,7.312592926482722,75.8259306195275,0
142,DROUGHT_EXTREME,0.424684818185371,36.50092282009982,88.90570608719662,0.0,6.469574259397716,70.02782995568197,0
143,PRE_DROUGHT,2.00516624117508,30.193711683319197,86.07831573536141,0.0,6.036986426782571,64.57008387630647,0
144,PRE_DROUGHT,0.3948058511668555,29.048143248297524,81.82401576082856,0.0,5.89361898243472,59.46391463940574,0
145,PRE_DROUGHT,2.767938166303771,33.34474440004868,79.25522265337605,0.0,5.496471625413533,54.69756471974146,0
146,PRE_DROUGHT,1.8292393000916936,18.360312136800502,78.14600467610212,0.0,5.232623833633495,50.25480623556237,0
147,DROUGHT_EXTREME,0.8373501354061084,35.57198241315329,73.29034854697983,0.0,4.894394872707178,46.12290116140488,0
148,DROUGHT_EXTREME,0.19367806345169053,33.17724184154965,68.17436885560468,0.0,4.688869142344603,42.288301482611345,0
149,DROUGHT_EXTREME,0.6643762052867168,29.880431237900808,64.05675521937134,0.0,4.778660570465535,38.743253235258294,0
150,PRE_DROUGHT,0.515817903260409,25.917646348578355,60.424758893781735,0.0,4.903442969436094,35.475893590425954,0
151,DROUGHT_EXTREME,0.216200314964671,34.577052014504055,55.10727451360493,0.0,4.750137058436741,32.464257662261225,0
152,DROUGHT_EXTREME,0.007194308955508721,28.816923584488823,50.5026659743492,0.0,4.933298580691934,29.692362391683005,0
153,DROUGHT_EXTREME,1.03643162093048,23.572013413075958,47.76664514694501,0.0,5.127863251152816,27.14824936026066,0
154,NORMAL,3.281172171276505,20.72879669380282,47.7303594917346,0.0,5.355745200218138,24.815601006192175,0
155,NORMAL,4.1358204243649235,27.1414604094472,47.52238334861745,0.0,5.616447181341051,22.679054947418955,0
156,NORMAL,4.965209335234493,23.678042735290774,48.69804195439438,0.0,5.927871016474475,20.72411456708154,0
157,NORMAL,10.192475700057352,26.41340888019979,54.66311963137218,0.0,6.296347154931142,18.93719282365175,0
158,NORMAL,5.948624289138654,21.8782418424627,57.11012320167057,0.0,6.710590378550999,17.305318022256273,0
159,PRE_DROUGHT,7.830134184188829,26.378922938202674,60.718213570575244,0.0,7.1743981089174955,15.816162888575517,0
160,PRE_DROUGHT,1.7248255239696217,27.24030463591097,58.08302689047858,0.0,7.692079549752598,14.458199022526646,0
161,NORMAL,12.6621270809154,20.51678314054208,67.46120613508306,0.0,8.26848878158565,13.220680752545254,0
162,NORMAL,29.846532547499503,23.988024513794482,93.46806800268277,0.0,8.909064483943908,12.093621640969166,0
163,NORMAL,12.969108214057592,21.187653736556246,100.0,0.0,9.619876264451444,11.067765599680532,0
164,NORMAL,9.440148519091494,30.543475038868138,100.0,0.0,10.030461975144009,10.132719008081715,0
165,NORMAL,24.401469046150336,26.761777500408378,100.0,0.0,10.871255837358996,9.280829685302752,0
166,NORMAL,3.888247799494265,28.6375565104948,99.30374814818803,0.0,11.801584258569722,8.50671472526336,0
167,NORMAL,1.4881997458033105,22.29273071562246,97.2230062631726,0.0,12.830326782891646,7.803658074604126,0
168,NORMAL,7.817702914681631,20.153024982037966,100.0,0.0,13.967300635666591,7.165498843575552,0
169,PRE_DROUGHT,1.376493616720312,31.13937614643254,96.39071396906515,0.0,14.613766627909035,6.5846572162899015,0
170,PRE_DROUGHT,1.1059829625445317,31.34323158525735,92.47811553659449,0.0,15.286325056750073,6.054264208243968,0
171,NORMAL,35.11444310547413,26.163109423786043,100.0,0.0,16.696192923871106,5.571803297252495,0
172,NORMAL,14.795631328565197,28.755175025695586,100.0,0.0,18.25258369620989,5.134916414483632,0
173,NORMAL,5.826915808030023,27.372405163536968,100.0,0.0,19.970331423583225,4.7396314257398044,0
174,NORMAL,5.708564750918582,25.9422316716094,100.0,0.0,21.865778647268424,4.382341002462993,0
175,NORMAL,16.11327463256243,22.519884859249316,100.0,0.0,23.956921214993496,4.059776506213659,0
176,NORMAL,0.5368878158263725,22.254531652462223,96.97189755094062,0.0,26.26356607566288,3.7689841429651287,0
177,NORMAL,17.779740712779677,21.90755883918654,100.0,0.0,28.807502822425263,3.507303473158733,0
178,NORMAL,17.10599115378337,22.268275348235655,100.0,0.0,31.612689697011383,3.272348376152292,0
179,NORMAL,6.983561331529616,24.95905962461411,100.0,0.0,34.705454665907546,3.0619905969909187,0
0,NORMAL,13.522240434424301,22.273980630623957,89.94058434901997,0.0,109.30141302623652,5.022736789241962,1
1,NORMAL,16.310126964155124,25.617194034840484,100.0,0.0,119.44522088975786,5.094344074712391,1
2,NORMAL,19.0221628466232,24.63452835553693,100.0,0.0,130.49085240567476,5.2213949464438,1
3,NORMAL,6.2364385742136665,25.079692447721623,100.0,0.0,142.4963457951752,5.412920075924142,1
4,NORMAL,12.7132251151424,23.938128808181926,100.0,0.0,155.5157566105953,5.681217523779019,1
5,NORMAL,4.471789116844489,26.098645577222342,100.0,0.0,169.5953744915858,6.042990569847882,1
6,DROUGHT_EXTREME,0.0011400518810584619,32.35057515377056,94.78115596401199,0.0,176.09182920413704,6.493638364145438,1
7,PRE_DROUGHT,0.11549734997890924,29.585170268986445,90.12134841695321,0.0,191.64524716905893,7.053098669761913,1
8,NORMAL,27.78765200410371,19.962128914848552,100.0,0.0,201.53588352494242,7.757119434427359,1
9,NORMAL,8.502101478660734,26.322921732803927,100.0,0.0,218.65720942646962,8.64363049650087,1
10,NORMAL,4.111283413458338,22.30724384031466,100.0,0.0,236.71081781432449,9.797078790851236,1
11,NORMAL,21.046317010482802,26.413869686172944,100.0,0.0,255.5315339681027,11.303066994933666,1
12,NORMAL,5.160501907450471,26.921745049196936,100.0,0.0,274.843625682067,13.279008103251671,1
13,NORMAL,10.695963013096941,21.41718545247601,100.0,0.0,294.2159400886312,15.884822706331448,1
14,NORMAL,2.4738222021756644,25.200954037284504,98.38235337714447,0.0,313.0050393083159,19.33476983043812,1
15,PRE_DROUGHT,0.6541212668450804,27.598773820772685,94.55156239038887,0.0,330.2906773055997,23.90690624652173,1
16,PRE_DROUGHT,4.757146879621283,28.099442328839807,94.73855062668616,0.0,344.81936587511575,29.94183908752965,1
17,DROUGHT_EXTREME,0.25057726739403907,32.428713279581906,89.7110773825534,0.0,338.5025928536376,37.52736315951595,1
18,DROUGHT_EXTREME,0.4777914727882343,36.35255364941157,84.27401680209837,0.0,318.7420381657756,46.29074291094131,1
19,DROUGHT_EXTREME,0.16141237526045063,43.8303980450582,77.31080076689753,0.0,290.66689133894073,55.64899664792438,1
20,DROUGHT_EXTREME,0.44405850963627136,31.884065699097604,72.57926762659817,0.0,271.4804374148991,65.27314418006318,1
21,DROUGHT_EXTREME,0.5676192557444346,18.19118176867308,70.19678939948568,0.0,248.84556211957684,74.92857316225556,1
22,DROUGHT_EXTREME,0.05047826384135334,39.750079047710614,63.80812196957394,0.0,214.3740304278573,83.69754243044139,1
23,PRE_DROUGHT,0.19505457581655525,29.734278561438774,59.194697918463646,0.0,198.43603702618813,91.38904540762928,1
24,PRE_DROUGHT,2.4260807501345107,25.91854785386716,57.43266562060665,0.0,181.04239984495575,98.2893812385264,1
25,DROUGHT_EXTREME,0.07044910160776062,37.259648314721716,51.48760638267273,0.0,150.57628381660135,103.56362248350862,1
26,PRE_DROUGHT,1.4654312964407772,33.11224721139731,47.61519077221867,0.0,127.35006359028088,106.77843927294282,1
27,PRE_DROUGHT,1.997922847955259,28.747440922844596,44.98423516508213,0.0,112.21368575912636,108.43818317137186,1
28,DROUGHT_EXTREME,0.7083515373086614,31.56704783353951,40.61352101073698,0.0,94.46312391882557,108.70061564316384,1
29,DROUGHT_EXTREME,0.2053929863178189,31.727941707660207,35.71846635991541,0.0,79.10593293668698,107.56000240831365,1
30,DROUGHT_EXTREME,0.23362685650094897,31.544073132300028,50.885078928578324,20.0,67.60760174823092,105.31299148116673,1
31,DROUGHT_EXTREME,2.3497900943879144,33.602976222370074,47.84021829431505,0.0,57.2037681789323,102.20730580806982,1
32,DROUGHT_EXTREME,0.020941743821389667,31.183964813416413,42.85745494563712,0.0,49.204714197852105,98.44413429953708,1
33,NORMAL,14.098832048141414,26.70507927965271,52.67296218268541,0.0,44.823135059182555,94.3170437307544,1
34,NORMAL,6.943321895186707,25.11074152169494,55.58956109713162,0.0,41.179058575524834,90.02819155683599,1
35,DROUGHT_EXTREME,0.3897380937845543,40.448096813139486,49.494278784430364,0.0,34.88933368711332,85.53615507168517,1
36,DROUGHT_EXTREME,0.02141048235453933,29.20523841833124,44.83469950938319,0.0,32.30074936156793,80.92724334403702,1
37,PRE_DROUGHT,0.5601191503407889,31.62446339698849,40.32673256527878,0.0,28.86799936316441,76.32505571495301,1
38,PRE_DROUGHT,1.2615664966777922,28.54884586281241,37.013890539393095,0.0,26.801976750142597,71.77182467170155,1
39,DROUGHT_EXTREME,3.8942988064750823,30.732018995983438,55.98447687564191,20.0,24.804429832392422,67.32862589190337,1
40,PRE_DROUGHT,0.6332671566851467,31.3224387554654,51.599938349578274,0.0,23.067218318776522,63.01726847515687,1
41,PRE_DROUGHT,3.690891611866778,27.134672967994753,50.944274915163,0.0,22.56310895851447,58.88670721550305,1
42,NORMAL,3.598470305193019,19.15771064871531,51.474053456459465,0.0,21.400722744509796,54.951905891068755,1
43,NORMAL,18.743475771330868,26.988922224648995,65.89468101231287,0.0,21.265310774932914,51.21992640563593,1
44,NORMAL,7.119328085542326,24.02715163687663,69.16557727718218,0.0,21.284304218117327,47.711752622194446,1
45,NORMAL,11.95513959180495,25.874454700118,76.97639835884573,0.0,21.448551154622386,44.423812646282315,1
46,NORMAL,15.972994581685002,21.381064233661135,89.5247539203453,0.0,21.75191989973983,41.350625093127576,1
47,PRE_DROUGHT,7.067586426746995,30.19005274981302,91.75667837424876,0.0,21.438056056488353,38.47192101105229,1
48,PRE_DROUGHT,4.574350846065847,21.799509658364475,92.8393689620958,0.0,21.99312202470704,35.78199125937773,1
49,PRE_DROUGHT,0.42626761590859324,28.126274273985022,88.76048401750914,0.0,22.67969855193148,33.28586264831802,1
50,DROUGHT_EXTREME,0.6262839406692298,35.41244141704126,83.71435218348115,0.0,21.92814868478705,30.951315968291777,1
51,DROUGHT_EXTREME,0.1987753334419659,31.353879866762497,78.89100647792462,0.0,21.880583725855143,28.759655596479707,1
52,DROUGHT_EXTREME,0.01608651138664422,25.452754328721166,74.83019692773874,0.0,22.872100804605694,26.726203788580982,1
53,PRE_DROUGHT,0.6673865230358912,25.098092502896648,71.47729628149733,0.0,24.001815217455846,24.853975917708887,1
54,PRE_DROUGHT,2.4161673161963106,19.06399356393605,70.83956406385724,0.0,24.299476573669896,23.12233264238026,1
55,DROUGHT_EXTREME,0.18922522415429233,43.03606093109815,64.13465350900049,0.0,23.47237052192411,21.500396938795987,1
56,PRE_DROUGHT,2.823351180466679,30.428790152407405,62.083684378386046,0.0,23.999069555617545,19.984618876128998,1
57,PRE_DROUGHT,4.0316183304583335,26.637011624324494,61.84826674099465,0.0,25.513663609388466,18.58969917319117,1
58,NORMAL,17.159074302386973,32.54931074611441,73.79280770668257,0.0,25.86471217613902,17.304340015914008,1
59,PRE_DROUGHT,0.37194263904254765,23.644785263215624,70.37669217908821,0.0,27.638364211458537,16.121305736530374,1
60,NORMAL,9.277958090493838,23.48377387633028,75.89205402460557,0.0,29.599888403068917,15.043843095673285,1
61,NORMAL,9.27642442444485,24.687465910352085,81.21263793350688,0.0,31.765201292824898,14.064461546402887,1
62,PRE_DROUGHT,3.7122799116247918,32.389196219126404,79.73441565537054,0.0,32.51585795948702,13.165934623349031,1
63,PRE_DROUGHT,6.84475637577088,30.112518128729203,81.75333605564654,0.0,33.849882410258004,12.335856942383852,1
64,NORMAL,16.230169397401887,25.21597500617565,93.94212098974977,0.0,36.51348715839655,11.579321549180841,1
65,NORMAL,6.17356773610433,28.82201935929269,95.49574648889723,0.0,39.44222821424998,10.897897495894076,1
66,NORMAL,3.646338141482761,25.320343862126624,95.08284008619114,0.0,42.659651780217224,10.286627279951519,1
67,NORMAL,11.008646215388998,26.529906198672265,100.0,0.0,46.19134509259552,9.74112122092454,1
68,NORMAL,9.816888324441816,22.99165770638079,100.0,0.0,50.065032730671994,9.257560360338331,1
69,NORMAL,1.7494196306589151,23.632927309259003,97.9586857949434,0.0,54.310660773766415,8.832706333704849,1
70,NORMAL,13.465440522463103,23.19131625533347,100.0,0.0,58.960460874006785,8.463920565178913,1
71,NORMAL,11.691684698891809,27.518827068275886,100.0,0.0,64.04898360952222,8.14919569598193,1
72,NORMAL,18.125061646751476,24.389684834547975,100.0,0.0,69.61308683513167,7.887202963200618,1
73,PRE_DROUGHT,1.021357601589115,34.139970068089895,95.53994968108755,0.0,71.25032608691944,7.660883162536236,1
74,PRE_DROUGHT,1.458923030349981,23.456094754081505,93.23252751558485,0.0,77.50435362479388,7.469642542337371,1
75,PRE_DROUGHT,5.476242182807092,29.031140369724422,94.04578692108127,0.0,84.32971959023318,7.330164156626278,1
76,NORMAL,23.097301228254295,23.375619203043147,100.0,0.0,91.77035460629138,7.24397247633463,1
77,NORMAL,10.986353421733918,26.270299319299923,100.0,0.0,99.87141820945493,7.2137933312579,1
78,NORMAL,13.467013878528853,20.664768141799364,100.0,0.0,108.67853024122171,7.243816793380011,1
79,NORMAL,5.3800816564803,28.146107224608407,100.0,0.0,118.23664804613234,7.340053300983125,1
80,NORMAL,17.738401251200496,25.093529985720654,100.0,0.0,128.58845705149966,7.510816350811261,1
81,NORMAL,19.719557396300985,26.43678042382968,100.0,0.0,139.7720925489833,7.767377718935657,1
82,NORMAL,19.827799909256537,25.063452226097965,100.0,0.0,151.8179419986723,8.124858342978797,1
83,NORMAL,6.112767116209921,25.398211742653338,100.0,0.0,164.74418385760447,8.60344076644086,1
84,NORMAL,1.9596307238035777,21.967477180630375,98.41588226210644,0.0,178.5505943695408,9.230017902222123,1
85,NORMAL,34.89848423148207,27.749244270433778,100.0,0.0,193.20999364286163,10.040426379125998,1
86,NORMAL,2.889826269921812,24.05441859627705,99.00393886200493,0.0,208.65651090557967,11.082444448204443,1
87,NORMAL,14.830466810541242,23.4743109672705,100.0,0.0,224.76965342426328,12.419746445630691,1
88,NORMAL,19.739774337076387,27.001807602391633,100.0,0.0,241.35304550463883,14.136956230207659,1
89,NORMAL,7.695063455436748,22.47084958045272,100.0,0.0,258.10685778933606,16.34574290081766,1
90,PRE_DROUGHT,2.9974064566796814,32.740071017172134,97.6913915990998,0.0,261.17145881576215,19.06920776159219,1
91,PRE_DROUGHT,0.569486160186564,30.153387076953987,93.37333419424472,0.0,267.1462657897932,22.322155499510366,1
92,NORMAL,28.91137588702259,22.53802317743462,100.0,0.0,280.49368868578114,26.339907961895207,1
93,NORMAL,2.5431643902455416,23.184181626732475,98.78167119697919,0.0,291.8210399298516,31.397078914373875,1
94,NORMAL,2.5434657649515993,22.75913147808542,97.63054317811044,0.0,300.1582991953589,37.69288438250644,1
95,NORMAL,1.124483039272452,25.691306261098617,94.58272554527561,0.0,304.43007974152664,45.39282419211577,1
96,NORMAL,21.45829867393671,23.96695566272455,100.0,0.0,303.59060746829203,54.567641324947296,1
97,PRE_DROUGHT,2.573709248396381,29.028095693759685,97.8587126797523,0.0,296.8409568666336,65.11797154902408,1
98,DROUGHT_EXTREME,1.1568700772301903,30.05054184303615,94.13613420933633,0.0,274.82315358187753,76.41027047436378,1
99,DROUGHT_EXTREME,0.19923612180655903,35.61937953527969,88.55795736379802,0.0,240.03649451812828,87.1717908818084,1
100,PRE_DROUGHT,0.5478896865517707,29.87945552490396,84.26775688826669,0.0,220.13666841887868,96.95228820064382,1
101,NORMAL,8.107769806646164,21.569090500891054,88.88648703298075,0.0,198.1896150665289,105.77891039349552,1
102,NORMAL,7.708981367462152,23.70945084451541,92.76436452982993,0.0,175.58224928849506,113.20670767791367,1
103,NORMAL,30.888138139419322,18.040143967029316,100.0,0.0,146.73298932039108,118.6259480897817,1
104,NORMAL,3.3310909610255814,22.93042227849273,99.63530620120832,0.0,127.27398472335825,121.99217730589646,1
105,NORMAL,7.510579029526592,21.741190805546427,100.0,0.0,109.85967453705162,123.6957862171838,1
106,NORMAL,7.763537082079993,27.583413657890148,100.0,0.0,94.66668886561303,123.88922677619848,1
107,NORMAL,8.985313143254977,31.42069815816737,100.0,0.0,78.28186160328967,122.60727221238243,1
108,NORMAL,2.2851219327552164,25.58368550094337,98.17571034438278,0.0,67.80997910077139,120.115790646313,1
109,NORMAL,5.637909349492908,27.199653340982078,99.44691989592175,0.0,59.088715472787314,116.79977992575769,1
110,NORMAL,3.162261490702028,25.392860208770216,98.5343203012852,0.0,51.87018940311685,112.85179974740137,1
111,NORMAL,21.93423038562416,25.13217886107757,100.0,0.0,45.919934942558235,108.44069195723584,1
112,NORMAL,4.366302285520039,24.733847251189303,100.0,0.0,41.02869210721757,103.7106700478169,1
113,NORMAL,36.13025401519769,24.782897500226376,100.0,0.0,37.016538238860576,98.78247715677021,1
114,NORMAL,3.756413459551699,25.23177073478452,99.71185819953627,0.0,33.73258765951947,93.75556159910968,1
115,NORMAL,12.493479095259744,22.322686981105523,100.0,0.0,31.05244455929134,88.71062965126208,1
116,NORMAL,13.572011076229693,21.740000959875825,100.0,0.0,28.87475849326505,83.71221566241461,1
117,NORMAL,21.191298209369535,22.841743654451918,100.0,0.0,27.117646083522263,78.81108643574359,1
118,NORMAL,19.187666576223737,23.0896043522108,100.0,0.0,25.715366892787927,74.04640139687014,1
119,NORMAL,12.985167938605233,22.945235635785288,100.0,0.0,24.615417397999273,69.44760801416791,1
120,NORMAL,9.701347087593598,25.27442428217927,100.0,0.0,23.77608268860517,65.03608155134081,1
121,NORMAL,11.379591656090104,26.54978839821095,100.0,0.0,23.164422579671914,60.82653152464922,1
122,NORMAL,3.6268661524776142,23.638521174054144,99.84032218307988,0.0,22.754641525257775,56.828201642419,1
123,NORMAL,4.942523121102893,26.660593776223905,100.0,0.0,22.526783871299383,53.04588991412282,1
124,NORMAL,26.236496747281915,26.40781011036221,100.0,0.0,22.465697948759388,49.48081350485357,1
125,NORMAL,1.657339668925061,26.412117041731932,97.42665400909878,0.0,22.560218786161215,46.13134009973196,1
126,PRE_DROUGHT,2.228824407035028,29.157863257938722,94.98495783266813,0.0,22.80252685304964,42.9936046870475,1
127,PRE_DROUGHT,2.7644708937413265,21.506129919382,94.3045247864684,0.0,23.18764774425086,40.06202805598678,1
128,NORMAL,2.545797696032153,23.617695418359464,93.0671101051479,0.0,23.71306441708283,37.329751029389975,1
129,NORMAL,9.063909298114774,25.61843495650335,98.02720987743504,0.0,24.37841927919432,34.78899651600765,1
130,NORMAL,4.1466353936867755,25.11947166255254,98.14983082101531,0.0,25.185288093218222,32.43136983349074,1
131,NORMAL,4.846336824207755,25.91355178317822,98.84477823777713,0.0,26.13701141362551,30.248106375297862,1
132,NORMAL,22.129099253460755,26.193623786217273,100.0,0.0,27.23857223169193,28.230274526461088,1
133,NORMAL,23.21536554574958,21.512729583900754,100.0,0.0,28.496510807295383,26.368940736552155,1
134,NORMAL,0.9202394722556659,24.87352322338282,96.93480528752761,0.0,29.918869427833407,24.655302803383442,1
135,NORMAL,16.44624537315269,25.59161016644053,100.0,0.0,31.515161151449618,23.080796685744783,1
136,NORMAL,11.251570849909227,26.69390089391956,100.0,0.0,33.29635753973738,21.637181531957467,1
137,NORMAL,11.129991226454027,21.76828945328866,100.0,0.0,35.27489102014971,20.316607072424073,1
138,NORMAL,5.44789726046761,22.09888712792452,100.0,0.0,37.46466787833357,19.111667071884003,1
139,NORMAL,0.6593401635484596,22.85580086709526,96.99556174490459,0.0,39.881087986597784,18.015442167265896,1
140,NORMAL,13.437276936004432,24.17214684979488,100.0,0.0,42.54106723180173,17.021535129310323,1
141,NORMAL,5.272348217142206,25.692733349401646,100.0,0.0,45.46305820315218,16.12410138288034,1
142,NORMAL,5.798036295723471,22.29905145616969,100.0,0.0,48.66706400963614,15.317877507654494,1
143,NORMAL,0.30160568257250137,24.974538525110155,96.29595601883477,0.0,52.174639070634385,14.598210427114982,1
144,NORMAL,5.073186690570698,22.729018002653035,97.72301280249523,0.0,56.00886929111091,13.96109009362019,1
145,NORMAL,6.551758853945006,23.776127447150476,100.0,0.0,60.194322095620635,13.403188711266298,1
146,NORMAL,10.912425710023308,25.365904853994984,100.0,0.0,64.75695421816141,12.921909934520903,1
147,NORMAL,15.6192537130089,30.708039041753818,100.0,0.0,67.1389504395987,12.499972318406163,1
148,NORMAL,4.844677393140989,24.133081068613638,100.0,0.0,72.3447924381906,12.136024532570092,1
149,NORMAL,12.882562698679067,26.88902424484322,100.0,0.0,78.0011248906014,11.845034296230315,1
150,NORMAL,2.6880959717859336,22.6456158361793,99.05066636992474,0.0,84.13752802245774,11.62760631285304,1
151,NORMAL,5.863650028057526,21.72492768611852,100.0,0.0,90.78355495952952,11.485551028706444,1
152,NORMAL,9.148822229150461,21.81264878900156,100.0,0.0,97.96797774204646,11.422092797367954,1
153,PRE_DROUGHT,1.7697015122212765,29.17309013634599,97.07914286124476,0.0,105.71776141819207,11.442140949850243,1
154,PRE_DROUGHT,1.6789665520757058,26.505040225577314,94.49488654907653,0.0,114.0566822172957,11.552642090684833,1
155,NORMAL,5.987555448824042,22.88854888935937,96.79938944002636,0.0,123.00348128709744,11.763036892950009,1
156,DROUGHT_EXTREME,0.5158758950377528,33.99396295271196,91.84278025634278,0.0,124.95536563628849,12.041680097775417,1
157,DROUGHT_EXTREME,0.3087516221235685,27.509786572814694,87.72246606329773,0.0,134.59126849209048,12.395952985674237,1
158,DROUGHT_EXTREME,0.11429406863651996,36.4036828571121,81.97297393196814,0.0,134.3813424637737,12.819866819546606,1
159,NORMAL,12.276179291926878,17.286088132839236,91.46479570080685,0.0,137.346773824574,13.27562011768277,1
160,NORMAL,19.74025218141095,30.59201774749685,100.0,0.0,142.20803503451424,13.799444605742938,1
161,PRE_DROUGHT,9.219583128545748,22.677787425906974,100.0,0.0,152.56603518688573,14.449137982038376,1
162,PRE_DROUGHT,8.272909569907617,28.878865927856083,100.0,0.0,163.4190246113127,15.284905892669451,1
163,NORMAL,0.6834300282365138,30.71015886182111,95.72965561669028,0.0,168.28664778189463,16.291699232205634,1
164,PRE_DROUGHT,3.3940474712664077,26.73898400813004,94.80946713478531,0.0,179.50187442128768,17.497031910921905,1
165,PRE_DROUGHT,4.6138063701626715,26.149437319849717,95.20181254966023,0.0,190.92785676601224,18.994088639629258,1
166,PRE_DROUGHT,1.3381148355650976,36.082856189571835,90.71155661570766,0.0,188.26186588110826,20.701723521274403,1
167,PRE_DROUGHT,4.207544104234479,31.95071643173109,89.75886527893176,0.0,190.04551759624053,22.546314397714724,1
168,PRE_DROUGHT,1.438461136391088,27.113995374067336,86.81786400919233,0.0,199.96685034623624,24.683159588204948,1
169,PRE_DROUGHT,5.5678457654336055,21.459520275060875,88.91785698918143,0.0,209.3986900688069,27.260019784882314,1
170,NORMAL,14.789256510208702,23.010043531547325,99.9869603505511,0.0,218.02001723865078,30.345971153586945,1
171,NORMAL,5.84013466229647,19.417737753143836,100.0,0.0,217.42009387656256,33.88423216253181,1
172,NORMAL,20.565529540963965,29.102926006967184,100.0,0.0,223.17392743732333,37.89224886904065,1
173,DROUGHT_EXTREME,0.11549937858499093,41.68449011536855,93.37155782914786,0.0,208.02796318432257,42.14692675170276,1
174,PRE_DROUGHT,1.2485323563801973,29.050983726848333,89.92358545344675,0.0,209.9685908461449,46.55515883319347,1
175,PRE_DROUGHT,0.7868450732559555,31.057916579353314,85.6889943781759,0.0,201.85817997109277,51.22981080061151,1
176,NORMAL,3.733134858268267,21.3312356026824,85.97468446485266,0.0,199.99764535941773,56.068256675945456,1
177,NORMAL,17.467246294780278,26.9977994210359,99.07908688175445,0.0,196.20035972524417,61.14930330762123,1
178,DROUGHT_EXTREME,0.9904448830120516,31.069346082179944,95.04966985659568,0.0,183.13030076356839,66.13162351920519,1
179,DROUGHT_EXTREME,0.039271712373857,37.838882963583494,88.97928472665475,0.0,162.00908929729863,70.40263560878134,1
0,NORMAL,9.01130766674856,28.409387183927393,84.44307820757304,0.0,109.30141302623652,5.022736789241962,2
1,NORMAL,12.656969431359887,21.94337934748041,93.56991940438205,0.0,119.44522088975786,5.094344074712391,2
2,NORMAL,5.446238337681347,25.633763344152324,94.8902609628,0.0,130.49085240567476,5.2213949464438,2
3,PRE_DROUGHT,2.9607865617138724,28.71008046512546,93.22746342711356,0.0,142.4963457951752,5.412920075924142,2
4,PRE_DROUGHT,2.9471444425441553,31.29714950390577,91.1313861135279,0.0,149.21979691238235,5.663940505759243,2
5,NORMAL,3.7379671315597243,26.81713938386,90.54659775892898,0.0,162.75201813074648,5.985662127211112,2
6,NORMAL,14.424480037661633,23.7346730683467,100.0,0.0,177.35409616610076,6.413867903425525,2
7,NORMAL,7.923989693056007,25.84423930953161,100.0,0.0,193.0467952764346,6.975701608655245,2
8,NORMAL,4.910871320440785,31.41048950179021,99.83668344546328,0.0,201.2274722698862,7.676344123940052,2
9,DROUGHT_EXTREME,0.4530491715914703,35.98894534889514,94.4735656452138,0.0,203.2600701087549,8.488914298262756,2
10,DROUGHT_EXTREME,0.11074707830500422,32.26118960744867,89.37006309303581,0.0,210.00324909877452,9.426250736262354,2
11,DROUGHT_EXTREME,1.6295003416511138,26.221575794145423,86.76005837871757,0.0,227.00582355793583,10.586401216400855,2
12,PRE_DROUGHT,1.1091825898604106,31.1412908991546,82.83008038961549,0.0,235.11952742560513,12.03362011285686,2
13,PRE_DROUGHT,2.0475179752419796,29.583683470166584,80.0885633962147,0.0,252.6123638546326,13.84364887936679,2
14,PRE_DROUGHT,0.08533598577320621,25.56244721429297,76.03224870596733,0.0,270.2398100794983,16.190435094030978,2
15,PRE_DROUGHT,4.812185196178745,18.589786763036777,77.8298784165061,0.0,275.828935743995,19.13419438761222,2
16,PRE_DROUGHT,2.481270210741421,29.328934304121024,75.55380098870326,0.0,291.53093726667953,22.818486290053514,2
17,PRE_DROUGHT,0.33577567950342835,26.823248836951496,71.53529839930266,0.0,305.5089993099072,27.55802036609606,2
18,PRE_DROUGHT,1.5883032846056027,28.877332016587783,68.4326502827972,0.0,316.69493569654145,33.60881794820972,2
19,PRE_DROUGHT,5.381134631031385,26.8299336148212,69.45302030265009,0.0,323.81756767622437,41.22236252594398,2
20,NORMAL,3.010082910844903,21.844114171206492,68.91145688275026,0.0,325.52036365070825,50.57965256753711,2
21,NORMAL,12.917135812787226,26.488289694867863,77.52148652280695,0.0,320.600804121779,61.69257141251728,2
22,NORMAL,4.6871053844475,29.427725770543923,77.42467936360333,0.0,308.35898693709566,74.29783342256512,2
23,NORMAL,22.82720272031051,31.63413837793864,95.11238257654087,0.0,276.9075597095544,87.35023161464375,2
24,NORMAL,5.598208379103578,21.88009674279472,97.16130536323524,0.0,253.07232646436628,99.91864538638312,2
25,NORMAL,7.997419539307609,26.022587498285088,100.0,0.0,225.78566507478536,111.55076492458764,2
26,NORMAL,2.5447070305394885,19.014714980124758,99.46800663317556,0.0,189.6715163751146,121.14639728728929,2
27,NORMAL,30.031384419942725,28.785816725961038,100.0,0.0,162.99769346550664,128.27797663387383,2
28,NORMAL,6.074400233008434,28.727566723030787,100.0,0.0,138.43817602902396,133.15323289140153,2
29,NORMAL,24.021251830801724,28.801858762995536,100.0,0.0,116.72340264049954,135.83989004395647,2
30,NORMAL,2.0124919261938197,21.996673439172717,98.47248396336144,0.0,98.1051033563048,136.54900315746346,2
31,DROUGHT_EXTREME,1.7972742259238543,38.65545960946737,94.05454626888834,0.0,75.47800226746375,135.19124148025014,2
32,DROUGHT_EXTREME,0.035403766572880725,31.96207977826745,88.95671779949862,0.0,60.921969066129805,132.04881729697007,2
33,PRE_DROUGHT,2.4238337079679906,28.868179907256465,86.74757307139913,0.0,51.88406849475065,127.84076528349334,2
34,PRE_DROUGHT,1.9879605850276347,33.41597825733581,83.37510708001525,0.0,42.17730540690868,122.84691063155343,2
35,PRE_DROUGHT,6.500955405734423,27.682039144199457,85.4375957921236,0.0,36.64500209977125,117.31026176421331,2
36,DROUGHT_EXTREME,0.02627693473578634,39.32749057448853,79.15994498714377,0.0,29.44348372449121,111.39146750550879,2
37,PRE_DROUGHT,4.96110310100402,22.414380739986917,80.52946751011379,0.0,26.19417106995484,105.262560073338,2
38,NORMAL,3.0446569160750836,24.63050221762945,79.62808266665914,0.0,23.5914204966317,99.1527932806999,2
39,NORMAL,6.722113598684272,26.97832334129788,82.02857287497385,0.0,21.50723253990312,93.13679833917601,2
40,NORMAL,8.813379841633997,26.245690495770422,86.63812645993528,0.0,19.842051798509402,87.27161769627874,2
41,NORMAL,6.738323268730685,23.81837847360058,89.56172832889443,0.0,18.518599009175595,81.59991938843196,2
42,NORMAL,10.308901717557003,23.99233118441666,96.02830262206078,0.0,17.476946917051446,76.15265401201381,2
43,PRE_DROUGHT,2.2758746389945097,30.506408916019826,93.41888656337807,0.0,16.071033263921638,70.93260214223017,2
44,PRE_DROUGHT,16.978299077432194,26.806537497544948,100.0,0.0,15.487217485275856,65.95820156416912,2
45,NORMAL,21.588963868840256,25.867652771925453,100.0,0.0,15.069815752453245,61.2560151358155,2
46,NORMAL,13.639417011975405,20.434258194948306,100.0,0.0,14.798210853503788,56.827867135795735,2
47,PRE_DROUGHT,0.019975737083969436,33.40549862223392,94.67114122462831,0.0,13.859419114099492,52.65270087053034,2
48,PRE_DROUGHT,2.2213137724227985,24.543575898449983,92.96276157565964,0.0,13.838976936058769,48.729709929052206,2
49,PRE_DROUGHT,0.426828314002462,32.078639821121286,88.2534560338297,0.0,13.282909079615541,45.057695192097626,2
50,PRE_DROUGHT,1.1927324703389293,23.021429588232166,85.76031343760266,0.0,13.45968905625462,41.629706245901836,2
51,PRE_DROUGHT,0.4284921054308149,28.15753804584926,81.6805675220441,0.0,13.729205783258067,38.44840782891559,2
52,PRE_DROUGHT,3.6885543978165614,27.964470069658134,80.89173526900171,0.0,14.090125564917406,35.501793119927086,2
53,NORMAL,8.307535741700333,28.705270683517274,84.60319201439285,0.0,14.542682195317791,32.777423815057304,2
54,NORMAL,0.7664470207612482,24.343300537881216,81.47187881402664,0.0,15.088511437728158,30.262689194384663,2
55,NORMAL,11.55069496975024,23.409908384135104,89.27416267695197,0.0,15.730534711230623,27.9450135373777,2
56,NORMAL,9.868418133844111,27.16236396195675,94.79318434880987,0.0,16.472881925124828,25.812019928158623,2
57,NORMAL,9.76371415992696,22.471962430561952,100.0,0.0,17.320845916319048,23.851657413951926,2
58,NORMAL,1.7390457761668272,24.015045730520054,97.89331077202945,0.0,18.28086282009236,22.052297558525918,2
59,NORMAL,16.8704160399778,16.221444580140595,100.0,0.0,18.26216565363845,20.392163748934067,2
60,NORMAL,9.237717469909615,22.566904162843493,100.0,0.0,19.40268745469777,18.862156789597286,2
61,NORMAL,22.473374190388395,28.639952661577308,100.0,0.0,20.674624559372816,17.463073250315556,2
62,NORMAL,4.2061102222267595,31.21674941333855,99.2062671594999,0.0,21.19393964138606,16.178385268418104,2
63,NORMAL,4.764960034191204,26.904240396601907,99.6619870754583,0.0,22.699339493468827,14.999887623081198,2
64,NORMAL,11.287554349062475,27.269847866805243,100.0,0.0,24.36606372663414,13.926210546473234,2
65,NORMAL,2.98193906782696,26.141851486735263,98.79414703779526,0.0,26.20836122769545,12.949435144477597,2
66,NORMAL,12.111971538883804,23.76726505163701,100.0,0.0,28.24196734987557,12.062248144731722,2
67,NORMAL,20.41772488647664,23.433376947014054,100.0,0.0,30.4842065631493,11.257927789654007,2
68,NORMAL,8.243844784088218,20.268962049593917,100.0,0.0,32.95410337861017,10.530328559092883,2
69,NORMAL,11.983464174691466,27.014992815307078,100.0,0.0,35.67250040485133,9.873866062278424,2
70,NORMAL,8.534445425638689,20.656500371570054,100.0,0.0,38.66218203228415,9.28350336374928,2
71,NORMAL,9.145533734131822,23.542134973544837,100.0,0.0,41.948001710915875,8.754739996028587,2
72,NORMAL,0.4309000087388784,32.193448999956686,95.26914456191597,0.0,43.433410092544754,8.27512584517247,2
73,NORMAL,4.615195179844528,27.389351135601746,95.49252665670389,0.0,47.21295013638179,7.841493961971199,2
74,NORMAL,14.655094089045072,25.35967613496339,100.0,0.0,51.361210268085195,7.459293147424289,2
75,NORMAL,11.433664013926354,26.750686645974355,100.0,0.0,55.91149236327347,7.125918769494437,2
76,NORMAL,2.1731860138289703,30.025512205092305,97.35567389144333,0.0,58.90533631593252,6.832741714606896,2
77,NORMAL,7.945667604321444,23.3602483535951,100.0,0.0,64.19421699660072,6.5781377789153215,2
78,NORMAL,3.190696926204616,22.4256023250387,99.59108380234296,0.0,69.9866283345112,6.367614821121006,2
79,NORMAL,22.373204979784692,30.402664913540065,100.0,0.0,73.64610629102613,6.19274240731203,2
80,NORMAL,16.018116753076033,20.07495985278044,100.0,0.0,80.33963365644725,6.053298718937135,2
81,NORMAL,3.2737178951198986,27.66670284300477,98.82926357807203,0.0,87.65597527834913,5.958031073000643,2
82,NORMAL,1.015437437974239,26.174179228908876,95.63847775376149,0.0,95.64514714480347,5.908737545720664,2
83,NORMAL,6.594808139756387,26.121122260522313,98.03391946317674,0.0,104.35900413217088,5.908384234730804,2
84,NORMAL,5.02150950412681,29.41812770683694,98.3239681621223,0.0,113.85049278316185,5.961385101481422,2
85,NORMAL,47.3030401470528,25.564713900097217,100.0,0.0,124.17252353136047,6.073985804516055,2
86,NORMAL,10.420442814096356,23.9159626823189,100.0,0.0,135.37631046419608,6.254791396019277,2
87,NORMAL,3.0708829011536203,28.32418086639371,98.50833857770972,0.0,147.50896501799514,6.515494301752813,2
88,DROUGHT_EXTREME,0.4991754471610068,39.15151727819105,92.69706966201944,0.0,146.9954331247978,6.826501589346975,2
89,PRE_DROUGHT,6.032166296666669,32.61129518500711,93.47307903740113,0.0,152.16059539313866,7.1684589202812035,2
90,PRE_DROUGHT,0.9288316819838636,23.489459120773876,90.61500389937895,0.0,165.43950030700105,7.595412964318731,2
91,PRE_DROUGHT,5.501955725621773,29.237286092490713,91.40029783419041,0.0,179.6756507077966,8.157038015098124,2
92,PRE_DROUGHT,0.1778604068775249,23.36500790918945,87.80617199159862,0.0,194.85755564097204,8.886960306695498,2
93,PRE_DROUGHT,0.25695432745466723,33.564435427389334,82.64049437992018,0.0,199.47406610822608,9.776279079288178,2
94,PRE_DROUGHT,7.662374948134314,23.84210498803063,86.45008547695727,0.0,215.5123651624016,10.860952240530533,2
95,NORMAL,3.6563113891905354,24.612867719231573,86.12590301238595,0.0,232.22820323846798,12.25747847374627,2
96,NORMAL,21.865573839974356,27.882914884838467,100.0,0.0,249.40380236913802,14.058488767337408,2
97,NORMAL,13.563389169058082,22.263923496647827,100.0,0.0,266.70608884451775,16.386949187835484,2
98,NORMAL,5.178523490409157,27.13489683278949,100.0,0.0,283.6481918849521,19.403630960666504,2
99,NORMAL,12.907732178983121,30.128820068005417,100.0,0.0,289.7951017376182,23.20598730509581,2
100,PRE_DROUGHT,1.739284553351535,27.47111169859475,97.28021873270006,0.0,303.45222745723163,27.971212659557164,2
101,PRE_DROUGHT,7.450973433719272,26.996713928528397,100.0,0.0,314.30484477109906,34.035594698520356,2
102,PRE_DROUGHT,2.5179936217445498,31.845811791229487,97.34258939169462,0.0,307.2926198551976,41.37571270434648,2
103,NORMAL,0.3389172427375356,26.01984316367905,93.45436608205159,0.0,309.0744184699963,50.01415529178661,2
104,NORMAL,8.880788831825091,27.354968210459628,97.89072223306783,0.0,305.0783927555188,60.164472757776835,2
105,NORMAL,8.718318804789401,24.56977881246584,100.0,0.0,294.70592328645256,71.6046537906543,2
106,NORMAL,15.480103931759428,25.44106108592458,100.0,0.0,278.03168708506604,83.84995015881299,2
107,NORMAL,16.197393375335444,24.288878391681322,100.0,0.0,255.94713954355876,96.18877680117788,2
108,NORMAL,6.139151778512685,30.158135716814414,100.0,0.0,222.5278939783825,107.47508869904163,2
109,NORMAL,2.6271669279990877,28.0125515876423,98.09529008109824,0.0,196.01846644159545,116.98570216571527,2
110,NORMAL,14.354197011322196,22.650183332618365,100.0,0.0,169.77577565379462,124.56940821932119,2
111,NORMAL,20.19122140012414,29.300430996000056,100.0,0.0,145.17895339739084,130.0051954359663,2
112,NORMAL,4.425271889922255,20.94492756871928,100.0,0.0,123.09802890983033,133.29347751795484,2
113,NORMAL,2.0410082607590185,24.043234578673637,98.17041332988921,0.0,103.92283825390426,134.5940380177134,2
114,NORMAL,5.59491727108652,24.11972662493345,99.88612161739621,0.0,87.67835858795033,134.1579876291187,2
115,NORMAL,9.693042936970286,23.474808855491528,100.0,0.0,74.15966206298162,132.2723732463875,2
116,NORMAL,11.086099285943527,29.792326573945477,100.0,0.0,63.04632327662149,129.22292419080625,2
117,NORMAL,24.842019969250288,28.03099478750664,100.0,0.0,53.98253474664402,125.2728850788546,2
118,NORMAL,4.364615304083426,23.36482115692335,100.0,0.0,46.62507090223744,120.65337663798724,2
119,DROUGHT_EXTREME,0.019580672398406086,30.842912890116875,95.07321018597703,0.0,39.12243675109374,115.48861781626071,2
120,DROUGHT_EXTREME,0.06706961561017495,25.00967459734005,91.130904350712,0.0,34.4958830541848,109.96496699877916,2
121,PRE_DROUGHT,4.946530236242599,25.89882460186661,91.92647542805828,0.0,30.76088931218014,104.28944040667649,2
122,DROUGHT_EXTREME,0.9626540101867609,29.50450274780194,88.16114832065085,0.0,27.74611645451411,98.56627678632944,2
123,DROUGHT_EXTREME,0.0011003890574774208,34.35595725339192,82.65766959403877,0.0,23.789277200623157,92.81790465754132,2
124,DROUGHT_EXTREME,0.22797186270553071,30.913367369985206,77.93361942422212,0.0,21.110666432579347,87.09493081394128,2
125,NORMAL,10.79447567405397,25.155119318304997,84.69902767668329,0.0,19.70743959897909,81.51615948317156,2
126,NORMAL,4.664817968747309,27.761051367207386,84.91770063273323,0.0,18.60030612230628,76.14799484120815,2
127,PRE_DROUGHT,4.237043178993787,24.05397048011128,85.30252924519411,0.0,17.740947425378497,71.01359351348403,2
128,PRE_DROUGHT,1.5668874912480286,24.202310824392484,82.99361202914807,0.0,17.091854331975494,66.12820594954243,2
129,PRE_DROUGHT,2.689054337885341,32.52259302420074,80.47460451178155,0.0,15.812475335035927,61.4784316628742,2
130,PRE_DROUGHT,1.392897658399102,31.497593202754476,76.8239028184149,0.0,14.863366016791552,57.05646722433235,2
131,PRE_DROUGHT,2.9829373876776164,23.60148169074178,76.02779675588657,0.0,14.714770026850582,52.88849466780251,2
132,DROUGHT_EXTREME,0.7900837663199638,34.12738156753914,71.3534820588292,0.0,13.820153586041592,48.96811219492292,2
133,DROUGHT_EXTREME,0.830077561079583,26.10868804041851,68.00328292481262,0.0,13.898381659356554,45.2922906287389,2
134,DROUGHT_EXTREME,0.2668717478388964,32.4075153611337,63.081348918733156,0.0,13.399353501019299,41.85868257764441,2
135,DROUGHT_EXTREME,0.5804369966810362,36.12272385145116,57.87827793001156,0.0,12.686719307292792,38.64160425002102,2
136,DROUGHT_EXTREME,0.4311148743699294,39.37021405254178,52.00616272513679,0.0,11.897248601803923,35.62767076147442,2
137,PRE_DROUGHT,4.4909839849204065,33.023976456510276,51.210167321353765,0.0,11.638863219367863,32.81615309588562,2
138,PRE_DROUGHT,3.4792045760216697,25.685125335105102,50.57736027847424,0.0,12.076193914863007,30.214594419073386,2
139,PRE_DROUGHT,3.98527897679021,32.540074681410466,49.35308362422392,0.0,11.968415577256888,27.81137224553232,2
140,PRE_DROUGHT,0.9178194612226293,34.92034535781986,44.68030429855262,0.0,11.694623552372766,25.58425459844464,2
141,PRE_DROUGHT,2.226755528992963,32.59532669349852,41.68875803598384,0.0,11.601801926761286,23.522506999996278,2
142,DROUGHT_EXTREME,1.4539714537812316,28.785485982954352,38.534380024438455,0.0,11.977385947868685,21.622247976013426,2
143,NORMAL,13.070006188617707,24.456593668351253,67.68898781762927,20.0,12.697702067910095,19.879511760170306,2
144,NORMAL,3.9851493889081198,24.691610227548978,67.72097135644758,0.0,13.506202906399219,18.28532550644937,2
145,NORMAL,15.281907679562787,27.42533491515531,78.6118621524804,0.0,14.409933505907638,16.828410171770052,2
146,NORMAL,11.906473545929492,27.380969943381146,86.13422404381922,0.0,15.416871049764627,15.498175865089443,2
147,NORMAL,2.6557513630856837,27.742894247789902,84.3476906582732,0.0,16.535978857526057,14.284719798231853,2
148,NORMAL,10.112429570735614,27.638759796064896,90.03426239005734,0.0,17.777271152225353,13.17881591086222,2
149,NORMAL,5.633360754255428,21.17440495322761,92.27670696668962,0.0,19.151888249080216,12.17189827982077,2
150,NORMAL,4.0408934796957094,24.977727309960585,92.31733711165438,0.0,20.67218198211817,11.256040094858424,2
151,NORMAL,9.12042829875339,27.92497519806799,96.96515121736377,0.0,22.351811296749915,10.423929703086134,2
152,NORMAL,13.903828923127435,26.693213632108876,100.0,0.0,24.205847997140403,9.668844990475932,2
153,NORMAL,3.0146315936825783,25.76874578547957,98.88664223325736,0.0,26.25089264750353,8.984627178159846,2
154,NORMAL,20.77087668356785,26.637416835935532,100.0,0.0,28.505200582190756,8.365654962270051,2
155,NORMAL,8.095505763149868,23.464243209347075,100.0,0.0,30.98881787216502,7.80681981771384,2
156,NORMAL,10.552051743782329,26.100563777948878,100.0,0.0,33.72372691140043,7.303503218855704,2
157,NORMAL,4.843975115638609,28.106579615198775,100.0,0.0,36.73400100563461,6.85155650552413,2
158,NORMAL,11.373088695810761,25.106574307667,100.0,0.0,40.04596693892395,6.447284145277721,2
159,PRE_DROUGHT,1.7564680655664557,26.939506680219175,97.43751644798044,0.0,43.68837392039474,6.087431219765724,2
160,PRE_DROUGHT,6.943006170393196,26.36298752684754,100.0,0.0,47.692566518574196,5.769176105916544,2
161,NORMAL,7.304787341699072,20.42995156017686,100.0,0.0,52.09265809605427,5.490129549235811,2
162,NORMAL,18.23780636692256,30.8075293191094,100.0,0.0,54.77593800001349,5.242888771993854,2
163,NORMAL,27.090958007982543,21.213337278888613,100.0,0.0,59.88434804356238,5.0258847761738705,2
164,DROUGHT_EXTREME,1.6730903859974402,40.05997452773317,95.24430273790226,0.0,59.889459182271956,4.830170601304609,2
165,DROUGHT_EXTREME,0.5599481947881257,41.265339574074794,89.18202572987789,0.0,59.91755991073122,4.642083016646761,2
166,DROUGHT_EXTREME,1.1772996832271116,28.340501735246477,85.81126038578059,0.0,65.57746560402875,4.473658903464684,2
167,PRE_DROUGHT,1.4574859729940255,30.846536702329864,82.31711778480502,0.0,69.06465798930967,4.331002302050512,2
168,PRE_DROUGHT,2.2761773137397507,28.78383248523353,79.97197833653769,0.0,75.62453028623067,4.213651864456463,2
169,PRE_DROUGHT,5.629077195281686,29.40157228582877,80.87901612533642,0.0,82.81863921568704,4.12749183691979,2
170,PRE_DROUGHT,3.405203245742408,34.81943989116539,78.69003939945206,0.0,85.00520204116583,4.062132283729749,2
171,PRE_DROUGHT,6.716474930328168,29.96429384177488,80.59185034827993,0.0,93.10685726414286,4.018028974397649,2
172,PRE_DROUGHT,0.9527288504763318,31.446658484015718,76.48969064497051,0.0,97.73027955393268,3.999735269357977,2
173,DROUGHT_EXTREME,0.010957478334612513,39.259793253834495,70.1883862381322,0.0,97.91726558739848,3.991109135827018,2
174,DROUGHT_EXTREME,0.09579063752972629,32.92185197717949,64.99089161752379,0.0,101.78476161017527,3.990470441936059,2
175,PRE_DROUGHT,7.058535567788181,29.692771847131162,67.27440551613894,0.0,111.47432368317718,4.016512839674131,2
176,PRE_DROUGHT,0.5395083812618309,24.521176077001208,63.86865787292778,0.0,122.0626660838019,4.083562023526877,2
177,NORMAL,9.300414005415107,26.552532635609907,68.89473807324707,0.0,133.61791254635676,4.197531726818595,2
178,NORMAL,25.809399296031206,26.2186187914194,90.4811321457491,0.0,146.20825099192928,4.366578171452959,2
179,NORMAL,23.033018546199298,29.335528639202476,100.0,0.0,159.8995973489428,4.601877459202787,2
0,NORMAL,4.924724312388936,27.53170778142008,80.49762570113658,0.0,109.30141302623652,5.022736789241962,3
1,NORMAL,10.145082534579906,27.069421899609253,86.28793092327157,0.0,119.44522088975786,5.094344074712391,3
2,NORMAL,11.740658062358344,23.195710905139958,94.29511030630546,0.0,130.49085240567476,5.2213949464438,3
3,NORMAL,6.951026693696637,20.623291339364727,97.92488117877346,0.0,142.4963457951752,5.412920075924142,3
4,NORMAL,25.464259359838554,27.323553473234696,100.0,0.0,155.5157566105953,5.681217523779019,3
5,NORMAL,14.081235793852404,22.013920809685292,100.0,0.0,169.5953744915858,6.042990569847882,3
6,NORMAL,4.080823898544041,24.314827829894956,100.0,0.0,184.76823578391804,6.520954334289637,3
7,NORMAL,8.325120147662943,23.575593573951764,100.0,0.0,201.0461942009568,7.146112319831515,3
8,NORMAL,3.9814629255412815,19.555914524950737,100.0,0.0,210.7929976710903,7.931817236047393,3
9,NORMAL,6.382776425941481,26.372070488931065,100.0,0.0,228.57645018002484,8.921578235768699,3
10,NORMAL,18.832803002646674,26.57844804979503,100.0,0.0,247.25373814820685,10.213259320541814,3
11,NORMAL,9.880230290026311,23.906007714306085,100.0,0.0,266.6143474785271,11.906828313238767,3
12,NORMAL,10.950477620901925,26.933203619768168,100.0,0.0,286.315952687349,14.139642608441479,3
13,NORMAL,22.246458894742357,27.365949841404657,100.0,0.0,305.8321033658276,17.098508972769046,3
14,NORMAL,16.497881438029278,25.580077958421935,100.0,0.0,324.38797927243235,21.031949859508583,3
15,NORMAL,6.905462618874911,27.624543827882615,100.0,0.0,340.8926782355922,26.25718253494893,3
16,NORMAL,2.149021854793011,24.968835622191932,98.08591460926091,0.0,353.89281830326047,33.149853213974595,3
17,NORMAL,1.3813116515999202,21.50575631210195,95.96541938923625,0.0,361.5993915677506,42.0961936597017,3
18,NORMAL,16.581113192947402,25.845250478708838,100.0,0.0,362.0688697366834,53.384094855629726,3
19,NORMAL,12.33023623265515,23.001984765711757,100.0,0.0,353.614496500972,67.02882729039806,3
20,NORMAL,10.43674560225599,28.070550882628787,100.0,0.0,335.42259002683875,82.58728273539782,3
21,NORMAL,15.382396996542816,23.805566044304094,100.0,0.0,308.1369385682891,99.08643189387966,3
22,NORMAL,4.427588687258914,22.29095487828795,100.0,0.0,274.0124078709317,115.18365656757695,3
23,NORMAL,9.536840508753183,24.51388631917558,100.0,0.0,236.39846067257204,129.52683274296007,3
24,NORMAL,7.508280978040977,21.690980590816615,100.0,0.0,198.7777538423659,141.1141987015216,3
25,NORMAL,3.5030863556709475,32.75060469497615,98.21090887136879,0.0,155.8424483249816,149.0078255636878,3
26,NORMAL,28.371860558540753,20.673051140311586,100.0,0.0,127.05179600990947,153.3376104652508,3
27,DROUGHT_EXTREME,0.03449281283096376,24.954466474190045,96.01641409868843,0.0,103.005967858769,154.89802266975485,3
28,DROUGHT_EXTREME,0.01917244511983518,46.21169842971389,88.60363414926884,0.0,76.3709265313625,153.72529596386855,3
29,DROUGHT_EXTREME,0.04078279435122257,38.06188557330454,82.53126068015722,0.0,57.06712684976243,150.15167351995595,3
30,NORMAL,22.557144232952737,25.369719581156733,100.0,0.0,46.91157142086517,145.13491728274414,3
31,NORMAL,16.027583447794623,26.049389044475443,100.0,0.0,38.9889497659418,139.3129841476066,3
32,NORMAL,4.194007673184872,20.617471218844557,100.0,0.0,32.805161477102345,132.95072624986403,3
33,NORMAL,17.945272500880844,24.517532804145187,100.0,0.0,27.967231873942858,126.25882599206304,3
34,NORMAL,9.830904476458057,27.910190609102138,100.0,0.0,24.169614444007323,119.40297022870318,3
35,NORMAL,10.42134608334732,29.119969560053942,100.0,0.0,21.177899821276828,112.51223614792264,3
36,NORMAL,0.398992230865167,27.191290651916738,96.04377889112298,0.0,18.81356195958738,105.68620749025317,3
37,NORMAL,14.909324375076933,25.75477020874398,100.0,0.0,16.941077168771706,99.00079414753894,3
38,NORMAL,6.2374652436845075,25.23888606007517,100.0,0.0,15.457629105081784,92.51290900055825,3
39,NORMAL,21.49716952492808,30.995052806863583,100.0,0.0,13.72649537615635,86.243613039344,3
40,NORMAL,14.127109617960162,23.180293748212506,100.0,0.0,12.842643776212162,80.22827721268627,3
41,NORMAL,39.60115151440295,26.841621176444573,100.0,0.0,12.157677537381677,74.50735010763938,3
42,NORMAL,15.187088637881203,29.36720376134495,100.0,0.0,11.638220729731344,69.09146932351972,3
43,NORMAL,7.020266782779854,26.353034828065883,100.0,0.0,11.258859530486035,63.985063830638126,3
44,DROUGHT_EXTREME,0.12249486129852123,31.301522501428497,95.11143190551049,0.0,10.548342412188278,59.175678207865474,3
45,PRE_DROUGHT,7.229208602142589,25.859299438560047,98.20097041552333,0.0,10.402824412231537,54.66182935472792,3
46,PRE_DROUGHT,4.61489791477029,30.236832541769452,97.9754587359328,0.0,9.994584356765767,50.44030405328818,3
47,DROUGHT_EXTREME,0.007795529408293944,32.64743716244962,92.75705393883115,0.0,9.526949065993989,46.49229614320328,3
48,DROUGHT_EXTREME,0.00039493812881880947,41.42545084697493,86.12621947616194,0.0,8.800985094022906,42.80042014509122,3
49,PRE_DROUGHT,2.0564695956040078,30.464092996305027,83.30628928013024,0.0,8.638793496185317,39.360337249177114,3
50,NORMAL,8.866306968989978,25.90786142427235,88.02554791991847,0.0,8.852339800049617,36.17574140585887,3
51,NORMAL,12.982200482168121,21.730047153763348,97.52940196339425,0.0,9.126828717244516,33.23778963367999,3
52,NORMAL,4.334209804814274,25.271280135505283,97.81836177336558,0.0,9.463038062363324,30.531486429169355,3
53,DROUGHT_EXTREME,1.8522507502578012,27.53891673620397,95.26230103129258,0.0,9.862683665411696,28.042035794819057,3
54,DROUGHT_EXTREME,0.026650774549105676,37.5949233580959,89.2707977738543,0.0,9.497409212434029,25.74486937711459,3
55,DROUGHT_EXTREME,1.3026536017933454,25.21994815473934,86.53634347754583,0.0,9.989949523971264,23.627881080472974,3
56,NORMAL,6.253501906963353,24.280704148131225,88.90299221673742,0.0,10.550671269517196,21.687931066118704,3
57,NORMAL,6.712333047363655,26.399892696485963,91.38911413994819,0.0,11.184257636389756,19.912011141527177,3
58,NORMAL,6.853839237566604,24.814593399967855,94.27039817107412,0.0,11.896168495614432,18.28779708254179,3
59,NORMAL,8.222878058715276,19.386613366473796,99.38957307980026,0.0,12.22706336741917,16.79994799550039,3
60,NORMAL,5.736970898591572,29.95236573328438,100.0,0.0,13.082926597382807,15.438085777152686,3
61,NORMAL,5.476791750709021,24.861805575561153,100.0,0.0,14.035049777914775,14.195834236202753,3
62,NORMAL,8.953594495278415,21.77704870777022,100.0,0.0,15.092083573849107,13.063615099545576,3
63,NORMAL,10.774309025410535,16.50960641153719,100.0,0.0,15.370116196959241,12.027368654907038,3
64,NORMAL,7.2352910889774735,26.308691438928207,100.0,0.0,16.59619524682852,11.079517414895985,3
65,NORMAL,9.394807871833047,24.918551462829857,100.0,0.0,17.952283906339943,10.21770663733837,3
66,NORMAL,11.59484713541296,19.72292758781471,100.0,0.0,18.779764827320907,9.43179111913983,3
67,NORMAL,6.7829391774205225,21.774489431033537,100.0,0.0,20.37785070394032,8.715565528652682,3
68,NORMAL,5.5959003211975755,25.994761647619125,100.0,0.0,22.141751798903385,8.066154823498167,3
69,NORMAL,10.539914546481908,24.00345970770239,100.0,0.0,24.087659331638456,7.47803844767404,3
70,NORMAL,8.958607554434193,32.37616553412707,100.0,0.0,24.977817629423694,6.941974178134105,3
71,NORMAL,10.27500565731052,23.465958978930498,100.0,0.0,27.230560263760225,6.453752894083332,3
72,NORMAL,4.645089833978952,24.932152055998255,100.0,0.0,29.713330507409502,6.013490211574668,3
73,NORMAL,7.475566589566381,24.2204374238069,100.0,0.0,32.44873257113039,5.617382637520486,3
74,NORMAL,9.501735407179533,24.592913949538158,100.0,0.0,35.461556637699545,5.262021686144991,3
75,NORMAL,8.157838194132284,25.034722351098598,100.0,0.0,38.7789632790278,4.944376280912516,3
76,PRE_DROUGHT,0.9805179430161813,25.77625005212452,96.84832132464231,0.0,42.43067816009491,4.661779088571515,3
77,PRE_DROUGHT,3.23906567361188,30.341086300586586,95.22251404721756,0.0,44.83178695735318,4.4084662983782525,3
78,NORMAL,11.521071080524203,25.378897390101223,100.0,0.0,49.10015049481905,4.182523104065787,3
79,NORMAL,2.576979740670808,23.093691675019326,98.87291784277392,0.0,53.795212236836804,3.9857359102680916,3
80,NORMAL,6.612094526905645,20.235135469856857,100.0,0.0,58.9578728917008,3.8167465881993694,3
81,NORMAL,14.772944818629366,25.087717831325968,100.0,0.0,64.63258894252185,3.6745677068990075,3
82,NORMAL,5.586022077630842,29.458151996613424,100.0,0.0,70.86756890378963,3.5586112723979624,3
83,NORMAL,2.975721502997384,27.64378248387001,98.53704392429869,0.0,77.71494218711113,3.4687328362189622,3
84,NORMAL,14.68731173066675,31.187065153922426,100.0,0.0,81.81544792229603,3.3996596379301307,3
85,NORMAL,3.370974416219887,19.724439440982437,100.0,0.0,86.66118780784537,3.346772255343245,3
86,NORMAL,2.5016424225266523,30.003662230508706,97.68025524158541,0.0,91.96409421102285,3.3113429809384893,3
87,NORMAL,15.738205125773169,26.78503364589407,100.0,0.0,100.86963225107846,3.2993542861829046,3
88,PRE_DROUGHT,12.427190106485034,25.813565700746917,100.0,0.0,110.62655632426353,3.318004174719914,3
89,PRE_DROUGHT,0.13615869028689562,35.70172895619841,94.39228558266117,0.0,113.04896257792865,3.3572380855382495,3
90,DROUGHT_EXTREME,0.08599909750017744,34.9773286181892,88.8502788955388,0.0,116.06616074719297,3.406114462488651,3
91,DROUGHT_EXTREME,0.0027258780216072283,30.197317510670782,83.99339487818646,0.0,122.95963558403119,3.472655976938772,3
92,DROUGHT_EXTREME,0.513407743537972,41.86723337088074,77.76686144431795,0.0,123.3107377453538,3.5533610254524692,3
93,DROUGHT_EXTREME,0.8578147231765088,42.41982527575044,71.79565756377613,0.0,123.64245996015947,3.637160746458366,3
94,DROUGHT_EXTREME,0.07180729345007357,31.763052944784665,66.75395829004516,0.0,129.57298574737246,3.7344268406764667,3
95,DROUGHT_EXTREME,7.693873616028693e-06,34.469813238123095,61.20306501286374,0.0,133.3588037354624,3.8528580886664527,3
96,DROUGHT_EXTREME,1.2020163848962797,28.402056349621038,57.83045106775336,0.0,146.02770429659898,4.007255173143862,3
97,DROUGHT_EXTREME,0.16338088307488702,27.03604288916564,53.63648099835079,0.0,159.82017305380148,4.222803725938926,3
98,DROUGHT_EXTREME,1.6231902720213591,35.09278393235592,49.59995756278713,0.0,163.57490007052056,4.489132915695064,3
99,NORMAL,12.293407976129632,23.135229586345517,58.161454062159926,0.0,178.80034777357056,4.816678315498938,3
100,NORMAL,16.24025689846563,27.634412488466694,69.94067662196325,0.0,195.26431946299147,5.249524926964245,3
101,NORMAL,1.2354982837026285,26.61009906030887,66.87699103294563,0.0,212.99566830675178,5.818317786629126,3
102,NORMAL,2.7173857242748083,27.2942030152831,65.18079589867801,0.0,231.99084851560318,6.565880080862143,3
103,NORMAL,1.101241702893613,25.19642070958394,62.20384757587842,0.0,252.19576098959064,7.552522006188949,3
104,NORMAL,3.777583183207556,25.36035699283639,61.87260744398595,0.0,273.478965666393,8.863759463656356,3
105,NORMAL,8.021212719390983,22.83820162412737,66.18974176145377,0.0,295.5924857230314,10.621357670415968,3
106,NORMAL,27.9249241176265,31.193845691671797,89.0498852373147,0.0,305.66017567087215,12.921222099747851,3
107,NORMAL,5.498616674795493,26.842652261897094,90.18803971175991,0.0,327.2080397210209,15.94461665116594,3
108,NORMAL,20.976861643645847,21.953371267199273,100.0,0.0,347.73328812960705,20.04957127636356,3
109,NORMAL,18.444333989773153,21.905614034572988,100.0,0.0,365.94087594639757,25.626243406479063,3
110,NORMAL,4.118645120586407,25.76853654079444,99.92024118739053,0.0,380.0595654790572,33.15044746565313,3
111,NORMAL,20.47622015751251,27.71589504740818,100.0,0.0,387.86414621664386,43.12286180881924,3
112,NORMAL,8.72121367771944,20.52994418855294,100.0,0.0,386.92038453328405,55.91703528827085,3
113,NORMAL,4.0408824988873295,25.19895077276972,99.9310504734615,0.0,375.17482444709066,71.52807665079331,3
114,NORMAL,15.103363126755465,22.168333371795704,100.0,0.0,351.83979180689266,89.31334954516895,3
115,NORMAL,17.627209622220924,23.279789879493688,100.0,0.0,318.1652991733704,107.93262127808207,3
116,PRE_DROUGHT,10.436796984257471,28.88708095794011,100.0,0.0,277.46954993435935,125.64892175235788,3
117,PRE_DROUGHT,1.1046567073752396,29.39995484526936,96.33540319422008,0.0,234.1851210688909,140.8700449753031,3
118,PRE_DROUGHT,4.216705981873365,27.823621839200246,96.0482026558295,0.0,192.46134449692153,152.5851843161785,3
119,PRE_DROUGHT,1.8313680916570145,20.72646877266261,94.53142339148721,0.0,155.1621620446999,160.472615585371,3
120,PRE_DROUGHT,2.474425996263157,24.993085886999523,92.97593179589127,0.0,123.63105093483401,164.74021286653468,3
121,PRE_DROUGHT,0.19369846271981656,29.14530794169793,88.47755486753421,0.0,98.0131090021089,165.88500391375342,3
122,PRE_DROUGHT,0.15294470268716837,29.794909423471616,83.83995172882567,0.0,77.74780034459418,164.4987753909713,3
123,PRE_DROUGHT,1.830856383562155,17.1109750344083,82.92240938151707,0.0,58.83587000296954,160.96572483425922,3
124,PRE_DROUGHT,3.326183745405843,33.94789104577561,80.80095172996326,0.0,44.61111935061194,155.70247596197785,3
125,DROUGHT_EXTREME,0.013789574392035833,35.95789937535149,75.04864442717401,0.0,33.77529306040255,149.22822172574234,3
126,DROUGHT_EXTREME,1.0861691637562276,32.79563815545743,70.87865002773862,0.0,26.47756004023072,141.9989134710885,3
127,DROUGHT_EXTREME,0.04102932922130699,27.005878300892117,66.59301843070398,0.0,22.18915891872504,134.4238174368914,3
128,DROUGHT_EXTREME,0.21019026770666066,28.72149056584042,62.20267176212779,0.0,18.882186494094807,126.75186516331756,3
129,PRE_DROUGHT,5.594902986671311,28.940995318482962,63.16264374367441,0.0,16.316807381354764,119.10972766456418,3
130,PRE_DROUGHT,9.639476434992368,25.61107836306425,68.70100451231666,0.0,14.31585170115892,111.59339885799902,3
131,PRE_DROUGHT,1.539906701384542,30.63033375078677,65.33654981905104,0.0,12.279518603968558,104.25457381603078,3
132,NORMAL,8.606784366667885,25.186502590058748,69.91101954629254,0.0,11.094564307512226,97.1528100788135,3
133,NORMAL,8.109487316205815,22.34153105100193,74.44387893791425,0.0,10.164503632234082,90.34634400955547,3
134,NORMAL,15.155050565996975,24.83042538078009,85.62404233139462,0.0,9.43713512891451,83.85980596898521,3
135,NORMAL,1.7932765459957087,23.771208493896815,83.61213086151297,0.0,8.873324430817464,77.70839240518939,3
136,NORMAL,22.881962781343084,17.954077170501865,100.0,0.0,8.05658314644091,71.88755950136232,3
137,PRE_DROUGHT,9.74465526356917,20.611030699261793,100.0,0.0,7.753765800946286,66.40228773501568,3
138,PRE_DROUGHT,0.2908231283226338,27.704251354687024,95.85642441335915,0.0,7.54205745040668,61.261886285777045,3
139,DROUGHT_EXTREME,0.05416734746181324,38.02897137929711,89.82366180663804,0.0,6.793533273831804,56.44328913694927,3
140,PRE_DROUGHT,2.3612827223792197,24.246797539531002,88.30413915128536,0.0,6.736727192620816,51.94040487367876,3
141,NORMAL,4.743560870087159,29.988458117224276,88.24793053012654,0.0,6.73866388479956,47.75690262283712,3
142,NORMAL,5.989184870100393,27.484620844963615,89.83809438805774,0.0,6.795143830711532,43.878540680432664,3
143,PRE_DROUGHT,0.5330734658621084,23.239039766334162,86.65165819036478,0.0,6.903428065821701,40.290142685331276,3
144,DROUGHT_EXTREME,0.19496914477022287,38.232525576947275,80.72731175890269,0.0,6.466135650246573,36.9657228959729,3
145,DROUGHT_EXTREME,0.6993014104494683,34.34860643564716,75.92905931765972,0.0,6.255242026230083,33.885214131816454,3
146,NORMAL,8.61552640670323,29.60816259389246,79.80579805955634,0.0,6.4783529595939475,31.04438903530008,3
147,PRE_DROUGHT,1.4302510847571177,25.541675067329262,77.14805738965065,0.0,6.746063139930399,28.433781618653324,3
148,PRE_DROUGHT,1.00706078087144,32.15888380114152,73.00796119545439,0.0,6.731269239465984,26.033668807530493,3
149,DROUGHT_EXTREME,0.04171087869371202,35.64083992929319,67.3452184207453,0.0,6.592798959078052,23.824176200212634,3
150,PRE_DROUGHT,1.5908626506398456,33.782125162695934,63.52915929527693,0.0,6.5654157854055715,21.79186311775858,3
151,DROUGHT_EXTREME,1.2189970288687424,30.990141828599622,59.78810592623891,0.0,6.686899798562035,19.926561310427715,3
152,PRE_DROUGHT,6.501777188098017,33.40665697719851,60.943030902242675,0.0,6.725850429678486,18.216254315486317,3
153,PRE_DROUGHT,3.11469312453217,26.759847843464108,59.774708509947665,0.0,7.178173140383267,16.65156937312105,3
154,PRE_DROUGHT,8.111545838073782,26.20616176443654,63.691763566779684,0.0,7.683820593512803,15.224101118871536,3
155,DROUGHT_EXTREME,0.5560176233699197,38.767627844942524,58.04257766698123,0.0,7.538218106447625,13.917953323679415,3
156,DROUGHT_EXTREME,0.08739613910757214,25.279769902957625,54.08368610626191,0.0,8.111515735973379,12.723537721939557,3
157,DROUGHT_EXTREME,1.7576947211631617,28.6600902782843,51.25390656871329,0.0,8.748287548152215,11.636041532035232,3
158,PRE_DROUGHT,4.399152249937979,28.473798465991322,51.09525828828011,0.0,9.454588001822025,10.646454904474522,3
159,NORMAL,10.9311621171417,23.347741282085696,58.28901585409133,0.0,10.237148323887704,9.746455193785593,3
160,DROUGHT_EXTREME,1.5820801858784714,42.61328290197319,53.04948086767301,0.0,10.148784292362386,8.924237392707857,3
161,DROUGHT_EXTREME,0.5404726981771633,39.66228493326789,47.24076778473267,0.0,10.071498841976183,8.169562019143594,3
162,PRE_DROUGHT,5.487784887485265,23.90213933699765,48.90228453534908,0.0,10.932853935926861,7.4805794965714725,3
163,PRE_DROUGHT,2.662505405052376,29.334224533503242,46.868748360703755,0.0,11.835196389607106,6.854852538949851,3
164,DROUGHT_EXTREME,0.0046376989094411535,36.030386462027714,41.10511281209059,0.0,11.937415622568984,6.283950910982044,3
165,DROUGHT_EXTREME,0.2803588234122264,27.73047437585123,36.945947493782334,0.0,12.697946846070725,5.762476200369436,3
166,NORMAL,9.079911168437803,21.433775327103678,62.59427729036504,20.0,13.877432564894956,5.288861569428339,3
167,NORMAL,3.864847919763945,23.2000884745394,62.744535392896246,0.0,15.179976843486207,4.85975476650229,3
168,NORMAL,30.40793076092828,25.16448308646784,89.12309288982541,0.0,16.618123200994688,4.471212280436318,3
169,NORMAL,6.681669442667031,26.42587868324114,91.57310855511264,0.0,18.20570292365435,4.119647680725341,3
170,NORMAL,10.159105142453633,23.23440185505327,98.01132541181549,0.0,19.957961397126933,3.801804571421882,3
171,NORMAL,0.6177608678401284,21.33430216031039,95.21219162057436,0.0,21.89169635615027,3.514731660242206,3
172,NORMAL,20.1771691962602,26.95675718091387,100.0,0.0,24.025408938028203,3.255759963362233,3
173,NORMAL,7.014736960402834,19.48703525060133,100.0,0.0,25.429993303018357,3.0210913152868764,3
174,NORMAL,3.8709981469837724,28.7387599214631,99.26694994777095,0.0,27.933780490476476,2.8086582956115302,3
175,NORMAL,20.81125431143586,25.977088276679314,100.0,0.0,30.69564183230498,2.6179264956077954,3
176,NORMAL,24.14137249555372,23.29020139263981,100.0,0.0,33.74178123307909,2.44713943935517,3
177,NORMAL,9.4948995783071,25.580360920883383,100.0,0.0,37.10100258702318,2.2947411397638686,3
178,NORMAL,3.406014143631022,19.892236234630268,100.0,0.0,39.44429783069639,2.1579414515243047,3
179,PRE_DROUGHT,1.0283655435064005,31.248750379326697,96.01870480267974,0.0,41.62932768579608,2.033849221566744,3
0,PRE_DROUGHT,6.07700010168368,30.920733295889583,81.10494618770464,0.0,105.1165402320716,5.012576128379384,4
1,DROUGHT_EXTREME,0.0072159566112218985,29.76103733068646,76.32536915318268,0.0,114.88181268131773,5.062085986982427,4
2,DROUGHT_EXTREME,0.7116574167665872,34.626477965033324,71.4649664751008,0.0,117.81393345738903,5.144639284803504,4
3,DROUGHT_EXTREME,0.8003357133937208,26.735862696059343,67.96236529993622,0.0,128.69894045230015,5.264013989517632,4
4,PRE_DROUGHT,8.361646304014892,23.230868129508035,72.58315439831739,0.0,140.53141231354905,5.44696123409041,4
5,NORMAL,14.580484898682615,21.24419931667682,83.74068358766417,0.0,153.36548920230186,5.705315196704977,4
6,NORMAL,12.37110724257916,18.998707537304142,93.0486876556693,0.0,160.7968382057874,6.0362896281180225,4
7,NORMAL,12.045290203982928,28.524599215986772,100.0,0.0,175.21094955710538,6.455006354566929,4
8,NORMAL,16.275694223257037,24.626631700106508,100.0,0.0,190.70478639046124,7.004892344831902,4
9,NORMAL,10.490407229691288,22.05970948890056,100.0,0.0,207.27415305751921,7.721853223247671,4
10,NORMAL,8.84061403996362,27.551249592586984,100.0,0.0,224.87540299065228,8.655100423200635,4
11,NORMAL,13.486716132023972,21.64984067263448,100.0,0.0,243.40641531985267,9.87235099465029,4
12,NORMAL,10.708819287404417,18.8044271897808,100.0,0.0,252.3312871460174,11.410137483911141,4
13,NORMAL,5.585116547171756,19.212237493196902,100.0,0.0,261.37021221143124,13.297007767973426,4
14,NORMAL,6.686209878972916,22.24423033546042,100.0,0.0,279.87657283519866,15.69329256157196,4
15,NORMAL,7.321055460666766,31.442231250301674,100.0,0.0,285.85040734006,18.726641183418376,4
16,NORMAL,8.121426496136058,18.89313501464259,100.0,0.0,290.61727831231013,22.434911509391092,4
17,NORMAL,4.388017235383047,27.914285238415403,99.8568326084204,0.0,304.8159905904191,27.078531390748033,4
18,PRE_DROUGHT,3.1072143761460245,29.22169519440076,98.217317833723,0.0,316.3167715365424,33.01463316521004,4
19,PRE_DROUGHT,3.078002054421408,19.143751804011394,98.18387568137665,0.0,311.9026460113487,40.276289041058774,4
20,PRE_DROUGHT,3.623899844414889,29.037806534043952,97.08927073080584,0.0,314.3856055795626,48.92841788880945,4
21,PRE_DROUGHT,3.8038676589217126,33.587724208280726,95.43462654028056,0.0,294.27114417285145,58.73788803898751,4
22,PRE_DROUGHT,2.6607350499137534,30.438056110033614,93.15361627980576,0.0,275.5338960774678,69.04370059492355,4
23,PRE_DROUGHT,2.0499741803713527,20.544890958482938,91.87112139601761,0.0,261.72912746475976,79.73221189009806,4
24,PRE_DROUGHT,7.824461314011169,29.430256176217625,94.92511967967344,0.0,243.348735247569,90.51829804949914,4
25,PRE_DROUGHT,0.9174809037100434,20.766027716940055,92.47960905602481,0.0,221.56947246617023,100.77316579772129,4
26,DROUGHT_EXTREME,0.16133608873135605,38.455760737047044,86.4198584458703,0.0,181.3493412180331,109.15100177188046,4
27,DROUGHT_EXTREME,0.05726522323722736,31.497650988383047,81.39180288491298,0.0,153.1869226884731,114.97826003157452,4
28,DROUGHT_EXTREME,0.0032627544001996955,29.169435366628242,76.69220897232967,0.0,133.76850899433285,118.86114307503979,4
29,DROUGHT_EXTREME,0.032056023419523086,27.977984112638666,72.2178469519717,0.0,116.11919720530345,121.1210024037942,4
30,DROUGHT_EXTREME,0.5537665385134706,34.88715627988612,67.15725993706342,0.0,94.1913829261974,121.56026738606454,4
31,DROUGHT_EXTREME,0.024090127872330586,33.12864016074236,61.855804179767325,0.0,77.37784252986349,120.23021495488172,4
32,DROUGHT_EXTREME,0.8031223902365027,31.596172262536207,57.58398025886302,0.0,64.47881244532805,117.57499469373565,4
33,DROUGHT_EXTREME,0.018908162106068313,35.38179960805295,51.92354947231337,0.0,52.738019143706914,113.87317991557867,4
34,PRE_DROUGHT,1.4898233109334653,35.087127928551666,47.78462890968342,0.0,43.51661489393359,109.36036484039573,4
35,DROUGHT_EXTREME,0.5152620268474738,32.526999949784454,43.08424722512162,0.0,36.67720965210398,104.31765202685867,4
36,DROUGHT_EXTREME,0.006094313078823745,33.25624587006605,37.759584228573736,0.0,30.9596000241047,98.95061671467542,4
37,PRE_DROUGHT,2.956777540898004,25.221679167500564,56.67464627787995,20.0,28.21811118543958,93.47715765316396,4
38,PRE_DROUGHT,0.927699570998157,23.953070909533988,53.764447220007405,0.0,26.00191478104244,88.0604860809994,4
39,PRE_DROUGHT,4.469931552233599,34.78994153035822,52.660751286624404,0.0,22.693149458414247,82.70148184995567,4
40,PRE_DROUGHT,3.9733867621874137,31.765435007385975,51.54590158551619,0.0,20.42452192787485,77.42584278538648,4
41,NORMAL,35.170949497049065,30.107044330863594,81.89480461373013,0.0,18.781212569301044,72.30792935854409,4
42,NORMAL,5.875075302966238,26.589508018090058,83.51156356818436,0.0,18.04737539488725,67.40557650465837,4
43,NORMAL,6.00971567953883,28.229452499576336,85.00049110757935,0.0,17.508862029393008,62.75201035807315,4
44,NORMAL,6.159623094856,23.148763929989354,87.45306950552664,0.0,17.140971907741296,58.35309343401581,4
45,NORMAL,2.8381421298345435,25.593260073126366,86.19278047684543,0.0,16.924811188496495,54.210249567351475,4
46,NORMAL,0.7705006184093108,25.063261560995368,82.94976571773799,0.0,16.84615230161472,50.32138866091783,4
47,NORMAL,18.487424266041227,29.63557980925568,96.6915032503702,0.0,16.894558961378515,46.68167866139381,4
48,NORMAL,15.137996367321623,23.388375124614235,100.0,0.0,17.062716493561577,43.28418921917941,4
49,NORMAL,11.110263657300539,26.490088330511895,100.0,0.0,17.345920999594036,40.1204270615895,4
50,NORMAL,10.488480194257965,21.02083931906205,100.0,0.0,17.741691699708603,37.18077965397706,4
51,PRE_DROUGHT,3.8832166971791886,26.278706270309502,99.67489386429035,0.0,18.249479208915474,34.45488102058957,4
52,NORMAL,22.062815108195103,26.362046501678094,100.0,0.0,18.870448967314363,31.931911460477785,4
53,PRE_DROUGHT,8.713214683011445,28.39212592291373,100.0,0.0,19.607323983698418,29.600841178423195,4
54,DROUGHT_EXTREME,0.030830803293629274,24.76250711257296,96.06494545328512,0.0,20.464274802987003,27.450626448271496,4
55,NORMAL,8.031441022441209,21.458725316412888,100.0,0.0,21.446847448481602,25.47036575810099,4
56,NORMAL,2.34413771002893,23.64647725281328,98.55664421045613,0.0,22.561922232667445,23.64942239836751,4
57,NORMAL,4.496359783442055,22.559972587923717,99.4393364090536,0.0,23.817697937854717,21.97751910764695,4
58,NORMAL,9.171108763169029,22.612222455521625,100.0,0.0,25.223697062186506,20.44480966003331,4
59,NORMAL,20.931943099042016,30.490549199619494,100.0,0.0,25.830564102733597,19.033262458789842,4
60,NORMAL,2.2711811460350004,27.04539365470177,97.93832937908687,0.0,27.509827192465895,17.734988187154862,4
61,NORMAL,11.38289904652394,25.950231860563648,100.0,0.0,29.37053145615475,16.550510522766338,4
62,PRE_DROUGHT,2.4023148775290486,24.404552882102358,98.4918522188879,0.0,31.4274778445314,15.471930798346131,4
63,PRE_DROUGHT,1.87330295421314,23.0700542005869,96.66814623206905,0.0,33.6970115001095,14.49192823679285,4
64,NORMAL,3.198272429870695,24.57372073813007,95.92799885623643,0.0,36.197098602484154,13.603764399816157,4
65,NORMAL,21.94668698016615,28.71274442103485,100.0,0.0,38.947407499796356,12.80128518524459,4
66,NORMAL,3.600185128787218,25.731016836416128,99.47520518377574,0.0,41.96939131749854,12.078922319080217,4
67,NORMAL,10.838510572807397,20.73570912811867,100.0,0.0,45.286368551873615,11.431696247098012,4
68,NORMAL,4.857700736717518,25.618385612939566,100.0,0.0,48.92359718686487,10.855222380157038,4
69,NORMAL,2.681179213834964,22.95542775601793,98.9993262760658,0.0,52.908336540983434,10.345722803521864,4
70,NORMAL,1.6308386561918802,24.326441627348224,96.72763769939826,0.0,57.26988924816974,9.900045847099035,4
71,PRE_DROUGHT,3.3354565083241905,26.900045200443344,95.7467624747763,0.0,62.03961335325456,9.515696364705253,4
72,PRE_DROUGHT,1.1549028957247982,30.506737000206137,92.00544644112283,0.0,64.84309405691062,9.180245477528187,4
73,DROUGHT_EXTREME,0.6736724870402536,38.27678121456289,86.53497805443708,0.0,64.41447460461822,8.866831018962996,4
74,PRE_DROUGHT,3.0637639273239907,24.04126667522537,85.7397504692313,0.0,69.91111703788938,8.584975442623659,4
75,PRE_DROUGHT,4.0639250201010135,23.169520612651567,86.08359373476995,0.0,75.91097880741201,8.35901708220337,4
76,PRE_DROUGHT,2.2685000858378874,24.730599693083278,84.38017927748093,0.0,82.45322394204719,8.189241979108662,4
77,PRE_DROUGHT,2.0567130596468393,24.26194533687861,82.53897727833015,0.0,89.5784740985427,8.076956782534268,4
78,NORMAL,5.265527487679482,23.22604147782882,84.07169370271755,0.0,97.32829048268012,8.024673912659228,4
79,PRE_DROUGHT,10.580177210247399,28.988482017995608,89.99114259489767,0.0,105.74441009971163,8.0363610773338,4
80,PRE_DROUGHT,1.3598512475983267,31.095348803899004,86.34943275934324,0.0,110.34564741085123,8.100103932577282,4
81,PRE_DROUGHT,0.9416385445218255,24.47112698411022,83.35408872760796,0.0,119.84023802487819,8.220758207370691,4
82,NORMAL,9.953823626440688,21.44551942380326,89.8560689570216,0.0,130.09695071880645,8.42456340505575,4
83,PRE_DROUGHT,0.4498231766057154,25.331401304627846,86.22650362034953,0.0,141.14572999926912,8.72416108701634,4
84,NORMAL,11.458668406399664,21.801868697979174,94.17225510969074,0.0,153.00685344944165,9.13638652552834,4
85,PRE_DROUGHT,1.1913030123232755,21.15564542004055,91.95275918490023,0.0,165.6860433055226,9.683546300147508,4
86,PRE_DROUGHT,2.8892082610328216,26.49999350139403,90.56684305314306,0.0,179.16778674418669,10.395128281627418,4
87,PRE_DROUGHT,3.7418639131531113,30.468151177420868,89.39013148820767,0.0,186.6177659726556,11.273298717691295,4
88,PRE_DROUGHT,1.547099352137662,26.81008865005344,86.60759074554157,0.0,201.04744129186494,12.354284932962576,4
89,PRE_DROUGHT,0.852639831806758,27.283444704544237,83.05099729064143,0.0,216.03180124594385,13.731267235792936,4
90,DROUGHT_EXTREME,0.05837202379949255,32.8534314292834,77.79604119800535,0.0,219.84909546316527,15.398002097760996,4
91,PRE_DROUGHT,1.2351985038666642,24.64993216670221,75.04389643287905,0.0,234.61258729826346,17.414411450188393,4
92,PRE_DROUGHT,0.9896565986491125,23.550002594092227,72.22135160015756,0.0,249.19534904603464,19.964126912332187,4
93,PRE_DROUGHT,4.934845007227511,31.755436381669007,72.01202032989211,0.0,251.86134771994162,23.06050472177706,4
94,PRE_DROUGHT,2.0158416809096407,32.68350381654438,68.73264770959909,0.0,251.34040906669918,26.638106453532433,4
95,PRE_DROUGHT,0.7976344330393389,26.946900156618195,65.16459535831197,0.0,261.61453059077587,30.875913206530992,4
96,PRE_DROUGHT,5.2557738914712875,32.62471282031878,65.13213440709109,0.0,256.7619358364867,35.82895681834875,4
97,NORMAL,32.303133069004026,24.477911901694604,93.46852160346306,0.0,262.00621576920156,41.51493763334942,4
98,NORMAL,10.095784707718868,24.355684292812903,99.61634609893963,0.0,264.06932511235505,48.17104756114587,4
99,NORMAL,7.230642462239132,27.985490257041718,100.0,0.0,262.3764673577612,55.775768824223526,4
100,NORMAL,11.050034899907766,26.73118507682125,100.0,0.0,256.5504688099925,64.20035557008997,4
101,NORMAL,12.720509884624747,27.652593299371915,100.0,0.0,246.52982956331314,73.18927814571111,4
102,PRE_DROUGHT,3.7491049395421983,23.51875682436625,99.93971924675198,0.0,232.64702594601707,82.36783347200897,4
103,DROUGHT_EXTREME,0.2738636307224863,36.17164005564406,94.35879867271113,0.0,200.5668349429201,90.69960485369799,4
104,DROUGHT_EXTREME,0.32987047156817656,39.93615676293511,88.23480511371588,0.0,167.80577837507707,97.0957715887876,4
105,PRE_DROUGHT,4.394042346352206,32.30814948597154,87.41617158893382,0.0,144.65488186699247,101.55714073874894,4
106,NORMAL,0.721421978039666,19.257175690247117,85.03416030073744,0.0,125.08900747612914,104.39412402089364,4
107,NORMAL,13.710232151361,24.31833294552527,94.82912353176135,0.0,111.8709901034362,105.9208866499915,4
108,NORMAL,1.6687372211837954,25.951831987755355,92.32234157778854,0.0,99.86288204557704,106.40260810954632,4
109,NORMAL,15.56367606065136,25.69259790532637,100.0,0.0,89.15426482895751,105.93423853114244,4
110,DROUGHT_EXTREME,0.06112770795090235,32.99351181270793,94.75863371959933,0.0,75.65019651660134,104.45547062822278,4
111,DROUGHT_EXTREME,1.7597200761852154,30.6941750011164,91.58870963263993,0.0,65.43808094236033,102.0299321135619,4
112,PRE_DROUGHT,8.434475801766565,25.77977208203813,95.88492607078295,0.0,59.10914887514859,98.99358225013319,4
113,DROUGHT_EXTREME,0.03254255331841293,35.61839650054058,90.20168219920332,0.0,50.094751178158766,95.4264929522996,4
114,DROUGHT_EXTREME,0.9105148373174187,32.53613748669429,85.8933759209561,0.0,43.66613818571232,91.3842594674552,4
115,PRE_DROUGHT,6.864973125010046,25.80571387194517,88.62042013951162,0.0,40.351398009049525,87.12903867923339,4
116,NORMAL,3.642434388387969,22.959885372313305,88.58186116054625,0.0,37.6104367482542,82.82277318050858,4
117,NORMAL,19.545303053522936,26.817971010450172,100.0,0.0,35.359813362945125,78.5238551380333,4
118,NORMAL,10.830365672393004,24.583908761231207,100.0,0.0,33.53001432611514,74.27948196742723,4
119,NORMAL,4.355223084713637,21.688721487462708,100.0,0.0,32.06370429291789,70.12713829299938,4
120,NORMAL,4.127144388846845,25.35587731320342,100.0,0.0,30.914000135510697,66.09597813674476,4
121,NORMAL,10.960319591332174,24.077216909759546,100.0,0.0,30.042886876172137,62.208078731695075,4
122,NORMAL,2.7977806522177904,24.01222469265968,98.95005352899155,0.0,29.419825944352826,58.479557442537484,4
123,NORMAL,4.6693058181239335,19.929845286385756,100.0,0.0,28.059346642279493,54.897830253274336,4
124,PRE_DROUGHT,2.988986026216019,24.02381476812151,99.1397829229466,0.0,27.87418146598988,51.47448513049662,4
125,PRE_DROUGHT,1.7818704926107587,27.91967141424529,96.44828008537834,0.0,27.875312418804437,48.23751164662369,4
126,PRE_DROUGHT,0.8030202122856728,19.522326400261264,94.12337454604182,0.0,27.049530278548897,45.16660025565806,4
127,PRE_DROUGHT,2.3105994825240197,32.601012433136326,91.21075730268066,0.0,26.03610749657591,42.237320255039336,4
128,PRE_DROUGHT,5.814365669682536,25.382741228128975,92.95859743362917,0.0,26.510581201125827,39.47185261566411,4
129,NORMAL,2.163868514722113,21.81600125565022,91.62727890846507,0.0,27.138208218518255,36.891694711199506,4
130,PRE_DROUGHT,3.5159218163914714,24.976305616408048,91.14156932877248,0.0,27.919204422031314,34.49017719599445,4
131,DROUGHT_EXTREME,1.8459205951826152,28.76741408015056,88.37827836461582,0.0,28.855735598235068,32.26000754415678,4
132,DROUGHT_EXTREME,1.4607339463200957,33.81730656800282,84.4204366739997,0.0,28.24731777705581,30.169407640452466,4
133,DROUGHT_EXTREME,0.46304224178489506,31.513716769874925,79.83416280882912,0.0,28.192837718021828,28.197344888092395,4
134,PRE_DROUGHT,2.7505786533612575,29.770883457044842,77.81468550357499,0.0,29.495711088897593,26.3624332190108,4
135,PRE_DROUGHT,0.314307811326382,25.3647109494636,74.06465436149905,0.0,30.96726402992178,24.673190417658745,4
136,PRE_DROUGHT,1.0985732749892843,31.62489750006516,70.09540934407147,0.0,31.212828482514336,23.105963577686175,4
137,NORMAL,5.168606045539307,25.181370839537735,71.22870820081299,0.0,32.97564553707262,21.65439374759883,4
138,NORMAL,14.10460295525186,22.98644265815844,81.64941638847748,0.0,34.934297631457284,20.32636722648946,4
139,NORMAL,0.8086128532235359,25.613265634486233,78.3527484886233,0.0,37.10260007291864,19.114414152848695,4
140,NORMAL,3.733440524425615,25.06945801586022,78.06763459391283,0.0,39.49586224725975,18.011551435039465,4
141,NORMAL,34.72444555932884,26.061172204073333,100.0,0.0,42.13091162673794,17.01131767308374,4
142,NORMAL,1.7867600658485794,26.508438000480602,97.5364753885016,0.0,45.0261166144044,16.107803160062282,4
143,NORMAL,6.19853329310123,21.392176283052503,100.0,0.0,48.201403228678316,15.295677672403436,4
144,NORMAL,17.283504061749994,27.758550189255427,100.0,0.0,51.67825964526291,14.570218734775205,4
145,NORMAL,1.6027921384950725,24.915880552287938,97.60595037537324,0.0,55.479721230565744,13.927343133585737,4
146,NORMAL,13.783758713618502,21.37398282974838,100.0,0.0,59.630326825551776,13.363644672999149,4
147,PRE_DROUGHT,1.56069586134361,28.452365340791317,96.99474441606314,0.0,64.15603454011094,12.876441546455732,4
148,PRE_DROUGHT,3.4010612845013943,31.889838297001994,95.27706416850613,0.0,66.00419948433704,12.445447711712038,4
149,DROUGHT_EXTREME,0.7290699568785084,30.386530495924564,91.12824413707278,0.0,68.64057123612119,12.054828257804456,4
150,DROUGHT_EXTREME,0.03709720353787597,30.18576335182371,86.31904346000154,0.0,71.52866358425848,11.707704926493523,4
151,DROUGHT_EXTREME,0.3596010801710075,28.384050202277802,82.12095432238347,0.0,77.18781046709871,11.417646601167107,4
152,DROUGHT_EXTREME,0.157491674955293,25.132065629577028,78.24179638365874,0.0,83.33217318870184,11.199014188990438,4
153,DROUGHT_EXTREME,0.15625174266281927,41.11406154115315,71.79238928696235,0.0,82.31382595091821,11.012453045107362,4
154,DROUGHT_EXTREME,0.41753150997533117,43.71886871237662,65.18611246415773,0.0,81.33897200468768,10.818377611994764,4
155,DROUGHT_EXTREME,0.03859637110160041,39.721017264122665,58.843499139309756,0.0,80.40748434727735,10.61773813322135,4
156,DROUGHT_EXTREME,0.2400968507566173,38.51080751282937,52.89709433079536,0.0,79.51909953773365,10.411460218728939,4
157,DROUGHT_EXTREME,0.1993550046662963,37.24239665889253,47.11397401526332,0.0,79.24688230185524,10.203311851074051,4
158,DROUGHT_EXTREME,1.0875978269216202,31.636811075326644,43.11962512098314,0.0,81.45545962675503,10.008685033796455,4
159,NORMAL,11.87031334450098,26.671614138245825,50.70509981465584,0.0,88.17741324651011,9.86039487349008,4
160,NORMAL,8.05021008633536,22.23740645016492,55.18163817314012,0.0,95.46916409037256,9.781199660373534,4
161,PRE_DROUGHT,3.448425638654623,23.71263378898012,54.8179318029482,0.0,103.36495200557209,9.77511513670942,4
162,NORMAL,3.5553912883691146,28.24520941492137,53.830733067205415,0.0,111.89722668589803,9.847995941579216,4
163,NORMAL,50.32981678299745,24.893015538515947,100.0,0.0,121.0950538490283,10.007963770312074,4
164,NORMAL,6.021636940811451,20.452526963949175,100.0,0.0,130.98194583445837,10.265972172916685,4
165,NORMAL,5.732559627418046,22.804505705432945,100.0,0.0,141.572929081405,10.636550221464873,4
166,NORMAL,5.33644189989954,25.59740435199886,100.0,0.0,152.8706043300209,11.138778459786852,4
167,NORMAL,15.445250060565044,32.538209066181594,100.0,0.0,156.91246003328965,11.752606011921396,4
168,DROUGHT_EXTREME,0.6054358597203333,21.989658358241186,97.05948691129548,0.0,168.99027878343765,12.496502464533052,4
169,DROUGHT_EXTREME,0.002289889119610401,33.45309159563854,91.66405616691361,0.0,171.89405568547338,13.38439247595488,4
170,DROUGHT_EXTREME,0.17875280443628014,32.90073515718349,86.53344781979092,0.0,175.15009983292222,14.376491417881178,4
171,PRE_DROUGHT,1.6072781129846998,31.568380586157367,83.04555139890061,0.0,179.64934229442326,15.49792485679956,4
172,PRE_DROUGHT,2.6396323235230326,34.65104443803996,80.09121631359238,0.0,180.15171446901348,16.74446587844486,4
173,NORMAL,4.405413002548014,22.731486344008058,80.82683057120069,0.0,191.91512714965907,18.193825753808817,4
174,NORMAL,17.524765666427854,23.989969050784183,94.4763688858175,0.0,203.76249948190744,19.989154984694856,4
175,NORMAL,1.9831077796626708,19.000641391081196,93.38840109745433,0.0,207.19631505465838,22.115908926248142,4
176,NORMAL,4.284360489041197,24.903491939309298,93.6469235821115,0.0,218.08460593458767,24.623959235142934,4
177,NORMAL,12.67373158723277,20.509335118052736,100.0,0.0,228.2518948941333,27.674910655106373,4
178,NORMAL,5.71939063058508,20.910068204983375,100.0,0.0,237.2700022783178,31.361087871218345,4
179,NORMAL,4.267697663872171,26.699475780012126,99.945101661637,0.0,244.63829777798887,35.77398506616923,4
